Hours_Studied,Attendance,Previous_Scores,Exam_Score
23,84,73,67
19,64,59,61
24,98,91,74
29,89,98,71
19,92,65,70
19,88,89,71
29,84,68,67
25,78,50,66
17,94,80,69
23,98,71,72
17,80,88,68
17,97,87,71
21,83,97,70
9,82,72,66
10,78,74,65
17,68,70,64
14,60,65,60
22,70,82,65
15,80,91,67
12,75,58,66
29,78,99,69
19,99,84,72
20,74,89,66
11,78,100,66
17,65,75,63
21,62,54,64
13,91,90,65
22,83,94,71
16,90,58,66
18,66,51,64
16,83,57,63
31,70,66,69
20,69,96,67
14,60,50,61
25,65,90,68
13,72,93,61
21,65,91,64
8,99,54,67
12,72,84,63
21,65,98,64
24,68,56,67
21,84,52,65
19,63,94,64
18,94,82,70
11,98,82,68
16,70,98,65
17,78,88,68
26,61,70,64
22,86,72,68
9,77,57,63
22,71,65,64
18,68,72,64
16,86,63,67
24,77,96,67
26,67,51,66
26,88,79,72
15,83,89,65
18,94,87,71
22,65,82,66
26,91,71,68
17,87,96,70
19,65,66,62
13,88,88,68
13,78,96,67
25,98,56,71
28,66,97,68
20,86,89,69
26,75,81,70
22,98,69,69
16,73,95,65
22,98,52,70
29,96,72,71
20,71,88,65
29,92,91,72
4,100,60,69
25,70,52,66
21,77,90,68
18,81,71,65
21,72,57,64
8,61,54,60
19,69,82,65
22,71,79,66
29,78,93,74
17,67,52,62
15,95,93,70
17,88,94,69
25,63,72,67
22,86,54,64
17,86,97,71
23,98,54,68
21,60,80,64
26,70,75,63
16,97,92,71
18,97,75,69
18,89,73,100
11,91,94,68
22,64,98,62
22,81,77,68
20,69,73,66
19,67,92,64
12,92,92,67
17,65,66,65
18,79,79,65
15,98,58,69
19,67,82,63
22,99,92,72
31,100,59,76
21,82,66,69
22,67,72,67
20,73,92,69
8,77,87,63
20,72,66,67
20,71,62,66
35,99,85,79
19,66,74,64
22,89,80,73
20,60,82,63
13,84,78,65
27,97,81,73
25,72,94,70
25,67,93,68
15,86,57,65
28,89,79,71
12,88,72,64
24,73,64,68
33,70,82,69
14,98,76,69
17,97,89,69
21,78,55,67
17,94,65,68
11,78,51,64
20,77,87,66
14,66,96,63
23,77,79,66
14,81,81,66
29,61,52,67
15,78,75,65
18,91,76,68
25,87,52,68
13,85,89,65
21,96,64,71
28,61,86,65
10,82,70,64
21,91,100,72
22,82,61,65
25,73,53,66
13,65,99,61
12,96,62,68
23,79,82,69
22,95,69,72
22,83,82,71
22,87,80,70
16,92,85,68
21,86,51,67
22,76,92,68
16,81,74,68
31,92,76,72
23,75,71,65
13,76,99,66
24,64,90,65
14,97,66,67
25,64,89,66
27,86,72,69
15,77,94,66
26,76,52,69
22,87,68,67
25,63,71,66
31,84,87,71
19,91,59,70
15,93,64,71
15,67,86,66
15,96,54,67
20,86,60,66
22,95,88,72
22,79,94,68
25,82,86,69
20,97,76,71
29,96,55,70
18,78,91,67
36,71,56,69
24,76,69,65
15,76,53,65
14,71,85,64
23,71,75,63
19,94,95,69
24,63,57,64
23,87,91,72
20,67,76,63
15,74,68,64
11,62,82,64
17,71,90,67
25,91,72,71
21,95,62,70
13,69,96,61
21,79,66,67
22,79,100,72
15,95,88,66
21,91,84,70
20,81,51,67
13,87,72,67
22,94,75,71
23,60,69,66
26,76,57,68
26,96,68,74
12,90,54,64
14,82,65,65
23,81,54,66
23,74,88,66
23,81,84,68
43,86,97,78
23,77,69,67
27,89,89,74
26,94,79,74
24,66,82,62
18,78,77,66
25,76,89,69
15,87,52,68
19,70,54,89
17,86,55,66
20,95,64,68
34,77,80,69
9,96,82,67
24,100,86,75
10,64,64,60
17,69,83,66
27,98,56,73
20,98,50,68
14,64,85,62
16,61,86,62
24,66,81,65
16,100,63,69
21,67,96,64
20,80,94,67
16,94,76,70
33,61,99,70
24,84,65,69
8,71,75,61
21,94,96,69
16,71,73,63
25,87,74,67
15,87,54,65
19,69,61,66
23,61,58,63
25,76,78,68
13,72,66,65
18,92,54,67
17,92,75,68
16,78,83,64
31,84,87,71
22,84,92,69
12,93,74,67
26,77,70,65
33,71,84,68
26,71,51,67
11,81,82,67
17,78,70,66
28,78,73,70
16,64,65,65
23,89,56,69
25,69,70,65
14,68,65,63
20,77,98,67
1,69,97,61
14,83,82,65
18,75,95,66
13,78,88,66
30,81,67,69
11,68,80,63
17,66,61,65
21,95,84,67
29,77,52,69
11,76,92,65
27,61,79,65
20,80,53,65
14,82,94,67
23,82,94,66
21,88,93,72
16,67,89,66
20,70,84,65
18,92,70,69
21,98,57,68
24,65,64,64
30,80,67,69
13,69,68,59
33,62,78,68
8,73,60,60
19,66,59,62
24,88,86,67
22,81,50,68
16,66,57,64
19,60,72,65
17,92,57,65
16,67,98,63
25,84,84,70
22,73,72,66
16,83,56,68
25,73,69,66
22,63,83,63
25,69,98,66
24,68,74,65
15,77,85,66
17,86,60,67
24,71,81,66
24,60,62,63
20,81,60,66
21,84,75,67
28,99,61,71
16,84,86,67
23,79,97,69
19,83,70,67
19,97,66,72
27,93,59,70
25,73,70,67
25,69,78,64
28,71,69,67
20,80,81,69
24,90,83,68
18,80,55,63
22,63,85,68
19,89,95,70
21,92,51,66
24,72,78,68
15,87,80,67
33,77,85,69
14,96,69,66
13,94,91,68
27,81,77,69
25,88,70,70
24,95,86,74
24,80,96,70
20,73,91,66
15,90,97,69
20,69,63,64
16,76,56,62
26,95,77,70
19,89,52,68
15,76,84,65
18,69,62,65
22,74,73,71
17,71,83,66
15,67,74,61
21,90,62,67
21,70,94,65
17,78,88,65
17,75,80,65
21,99,85,73
11,76,71,62
12,63,69,60
16,64,58,61
19,84,90,67
22,84,69,70
29,77,85,69
25,77,65,66
19,62,90,64
20,81,55,68
14,80,81,67
20,66,90,64
18,64,83,65
22,65,85,66
15,64,76,63
23,84,78,68
29,68,53,66
19,70,63,63
22,67,86,63
24,98,97,74
18,94,77,70
21,69,86,68
20,73,84,66
21,68,100,63
15,80,90,67
20,61,81,62
23,87,56,71
29,81,68,72
26,96,63,72
33,67,93,68
15,92,72,66
25,92,77,70
21,65,98,66
33,76,92,72
15,67,89,64
15,70,57,63
16,71,51,61
7,82,56,62
17,76,87,68
15,98,71,68
21,65,56,63
22,99,87,70
31,69,60,68
26,91,79,72
17,74,87,67
15,66,80,61
23,94,100,69
12,72,72,61
31,86,66,75
27,83,60,68
17,79,75,65
10,80,93,67
28,89,97,75
19,64,99,64
27,87,77,70
10,96,80,67
16,62,79,63
20,66,73,65
20,89,58,67
17,77,53,86
24,76,72,67
14,65,59,63
19,80,94,66
21,65,88,65
23,79,81,67
24,91,52,69
13,70,81,66
11,79,81,64
28,100,72,73
22,87,83,66
16,94,93,68
29,77,88,70
21,91,74,69
27,62,63,67
20,65,74,62
32,68,97,68
31,76,91,72
19,94,51,69
26,74,89,66
24,86,59,70
28,88,79,71
14,83,90,65
24,74,78,70
26,83,70,65
9,74,66,62
13,63,65,62
8,100,92,70
18,65,91,66
24,63,91,67
29,95,64,72
20,72,90,66
30,86,52,68
12,73,60,62
10,76,76,64
20,70,70,65
22,74,56,66
20,76,52,64
8,89,81,67
19,80,66,69
12,98,51,68
24,62,72,64
22,80,65,68
14,83,79,64
17,97,96,71
14,62,65,61
20,83,100,68
26,94,54,73
14,70,54,64
23,95,86,72
17,61,87,65
15,89,71,68
19,97,64,71
14,86,90,65
17,78,98,66
13,62,99,63
32,97,82,74
20,79,87,66
16,61,91,63
21,88,90,72
19,79,100,69
19,65,91,67
24,69,83,66
25,63,69,64
17,83,80,67
17,85,94,69
18,80,65,65
6,93,52,64
11,94,66,65
28,85,98,72
30,61,90,66
19,88,59,66
23,77,51,67
22,83,83,69
38,86,79,73
27,74,54,69
19,97,98,68
14,65,81,61
10,87,83,63
21,60,93,63
15,97,67,68
11,65,78,63
16,64,79,66
14,73,98,65
30,75,57,68
25,69,88,66
20,83,79,66
29,78,92,70
20,61,92,61
15,73,51,61
29,92,63,71
23,88,59,67
14,89,73,70
19,88,95,69
15,72,50,65
12,64,74,61
26,71,94,68
31,93,96,74
12,99,83,67
23,80,91,70
16,60,66,59
17,66,64,64
16,73,52,66
15,83,75,63
20,63,73,61
15,98,69,68
22,75,56,65
20,97,62,69
19,91,60,68
15,90,97,69
17,84,98,67
25,85,50,70
23,86,59,68
14,85,94,67
21,82,52,67
25,99,97,75
10,89,69,63
23,91,77,70
16,95,88,70
23,69,62,64
15,63,55,59
9,79,90,63
10,81,99,67
20,93,83,68
22,78,91,68
15,83,97,97
24,81,61,66
10,62,68,61
20,85,61,70
13,93,53,65
16,66,87,64
20,84,57,69
15,84,55,64
18,67,68,61
26,65,53,64
17,99,59,68
25,76,53,67
13,69,94,62
23,67,89,66
29,87,93,72
5,84,93,68
15,86,97,71
23,64,59,65
19,96,95,68
22,76,76,65
16,73,58,64
21,78,83,65
19,76,66,65
27,95,52,73
22,97,54,72
22,72,71,64
18,95,91,69
17,91,66,69
17,97,88,70
22,70,53,83
17,83,70,68
22,71,56,84
32,93,93,75
25,60,98,67
18,83,66,69
27,74,99,71
18,73,88,66
8,86,50,65
14,94,74,70
9,84,92,66
18,94,77,74
20,71,77,66
30,81,72,68
22,78,70,68
19,60,51,62
25,82,81,71
7,86,88,63
21,84,90,69
25,89,81,71
11,83,67,66
27,63,51,64
22,65,95,65
18,84,71,69
24,71,80,66
34,63,60,67
21,77,57,65
21,82,54,65
17,73,90,67
15,89,82,66
25,86,81,69
15,73,96,64
20,90,58,70
17,86,59,68
23,85,59,68
22,82,71,69
26,60,94,68
17,88,94,70
18,75,80,67
14,98,83,72
17,93,95,69
22,84,81,69
25,70,61,64
14,68,85,63
25,74,88,70
28,79,82,70
22,72,64,66
31,81,70,70
15,67,74,66
13,99,57,68
9,64,73,61
29,97,58,72
24,97,75,69
20,81,53,63
22,89,97,72
13,77,62,65
35,85,73,74
21,74,52,62
21,72,60,65
24,83,85,68
23,80,56,66
21,83,81,71
15,71,50,62
23,75,73,65
31,63,86,68
28,62,96,70
30,70,75,67
17,63,92,63
14,64,90,63
19,93,65,69
20,62,94,66
27,86,82,70
10,71,55,63
29,95,97,72
19,79,59,65
17,72,74,67
14,81,73,63
10,75,81,65
25,83,83,67
20,65,62,80
12,100,68,68
12,77,57,63
18,74,56,64
30,88,91,73
18,75,88,66
11,93,72,66
19,78,55,66
18,89,72,69
4,64,65,59
20,94,89,68
19,89,55,67
24,68,73,64
31,66,80,65
27,73,99,68
18,99,54,70
13,70,56,62
35,78,99,72
20,61,70,62
20,76,87,68
20,83,89,69
21,98,66,73
19,81,61,69
17,93,64,67
17,82,88,65
20,62,92,63
17,73,85,66
16,83,72,66
21,98,63,70
18,94,71,69
29,69,96,70
4,69,93,58
27,68,66,67
27,97,66,73
8,94,89,66
18,91,71,70
18,76,79,67
12,80,71,60
15,79,62,65
13,70,59,63
31,80,57,72
26,61,51,62
28,65,64,70
24,95,59,70
13,90,63,64
17,77,54,64
23,81,67,67
13,75,76,64
24,90,97,72
19,91,67,66
18,91,52,66
24,89,68,71
23,68,91,66
18,74,67,64
27,79,65,66
14,73,96,62
24,90,65,70
24,73,99,69
18,66,92,65
22,76,84,70
12,99,80,70
26,69,61,67
19,84,87,69
17,77,67,62
26,63,74,67
16,80,55,65
12,88,65,65
11,81,76,65
24,95,73,69
12,72,67,63
31,63,74,66
8,97,87,67
30,75,73,69
21,83,75,67
19,92,85,70
17,73,92,67
22,89,76,70
20,65,97,65
27,72,68,63
21,66,63,64
21,92,85,69
18,69,59,60
20,89,95,69
22,98,69,72
10,81,85,63
12,82,79,63
24,78,53,66
21,73,85,70
19,79,90,68
20,84,99,69
22,99,71,72
17,98,75,67
15,94,94,68
21,96,63,70
14,79,59,68
22,86,57,69
10,96,99,68
26,76,64,66
23,98,88,72
22,77,72,67
26,84,62,70
30,88,96,73
26,98,73,73
9,70,78,60
12,90,61,67
16,81,66,69
20,71,87,65
23,91,67,70
16,82,75,68
21,86,56,66
15,73,93,65
16,79,87,64
12,85,88,67
14,76,59,65
12,68,75,64
14,98,51,67
26,80,66,70
14,89,67,63
36,76,96,71
23,74,100,68
21,76,81,67
15,76,76,67
24,82,72,68
17,82,51,66
21,80,90,68
35,65,84,70
19,80,82,67
27,67,90,67
16,65,96,62
20,97,69,67
31,84,71,70
16,86,99,72
31,76,83,70
24,96,93,94
17,86,61,66
24,91,66,69
26,75,70,68
24,98,66,71
11,93,94,69
16,94,76,67
19,67,98,64
20,71,66,63
24,71,52,66
21,71,57,66
12,94,61,69
22,61,82,64
24,63,59,62
23,71,69,66
26,68,90,70
25,69,56,67
23,92,54,68
20,83,77,67
10,60,85,62
23,77,96,67
21,76,83,68
22,65,97,64
12,87,62,64
14,88,67,66
26,89,92,72
20,89,91,72
24,60,83,66
20,98,75,72
20,93,51,69
26,96,64,72
17,61,58,60
21,97,53,69
17,92,89,68
17,93,57,69
18,64,68,62
21,90,99,71
17,98,70,70
28,87,57,68
15,83,84,68
19,98,90,70
17,78,64,65
29,84,90,73
21,79,64,66
26,97,85,71
11,63,56,62
22,80,71,68
25,87,76,70
20,92,86,68
26,83,83,71
17,96,93,70
28,98,59,72
34,63,83,69
18,76,56,63
17,61,74,62
29,73,76,68
29,81,51,70
17,96,54,69
17,94,92,68
18,65,64,65
12,64,67,59
14,84,82,66
14,81,61,64
15,71,60,63
20,96,71,72
21,97,53,67
29,76,96,94
14,96,97,70
26,75,72,66
19,89,60,69
20,79,74,64
24,65,55,63
13,97,70,71
22,78,54,65
21,89,85,68
23,75,64,64
22,61,76,64
35,64,51,66
16,80,76,68
17,88,50,67
16,73,96,66
17,88,75,68
16,88,55,66
27,88,67,71
29,80,52,71
17,97,77,68
15,80,56,64
23,78,74,67
17,68,65,64
24,72,88,68
21,62,74,62
11,85,92,64
29,70,97,70
31,72,98,68
16,91,63,69
18,73,88,65
22,70,72,67
22,67,71,65
24,91,93,71
32,65,57,65
19,78,74,66
15,80,80,65
12,87,53,65
16,85,93,68
20,92,66,68
31,62,83,67
17,72,96,65
21,71,86,66
20,66,94,63
27,72,53,70
35,72,75,72
17,81,78,67
17,87,84,67
26,75,56,66
24,89,83,66
31,73,57,69
24,72,53,62
18,82,73,66
24,61,80,64
27,63,98,67
25,77,85,71
23,98,80,73
26,89,61,68
27,64,58,66
28,94,80,75
24,89,61,72
19,84,85,68
21,93,56,68
27,76,67,69
15,69,89,63
22,80,92,70
18,82,67,66
20,82,60,66
28,83,98,72
21,98,88,71
20,96,90,72
12,95,61,69
24,92,71,71
24,98,53,69
33,64,55,68
18,71,61,61
21,80,65,68
21,94,100,72
29,80,71,70
19,90,85,73
22,66,95,67
24,70,62,65
21,89,57,68
17,67,62,65
21,74,94,97
26,71,83,66
14,74,73,67
21,88,91,70
16,75,62,66
27,82,62,69
11,64,78,62
17,92,90,68
22,75,63,67
29,86,61,68
20,89,74,69
17,68,57,62
31,95,87,75
11,85,79,65
7,77,76,63
23,67,94,66
17,98,87,71
14,90,57,66
24,68,71,66
21,74,66,66
17,92,90,71
12,88,86,68
25,91,74,71
24,78,91,68
19,89,71,68
31,75,90,68
14,68,52,62
11,85,57,65
16,99,88,71
20,72,56,63
21,78,84,68
19,87,86,69
22,82,83,69
12,94,91,71
29,90,76,71
20,62,95,62
27,100,78,70
22,90,75,70
23,95,75,73
23,86,96,71
23,94,62,69
24,64,85,66
28,74,62,65
21,95,55,71
24,68,98,68
19,63,56,64
29,92,84,71
16,93,71,67
31,67,92,66
20,94,89,71
11,87,57,62
21,81,73,67
16,93,51,67
25,77,71,66
16,68,85,64
17,71,62,62
9,80,91,65
17,81,53,63
5,92,52,64
10,92,51,65
25,83,64,68
25,91,73,72
23,68,55,64
14,62,100,62
20,95,100,69
20,63,76,64
13,70,78,61
29,88,96,72
25,76,88,66
19,95,58,69
20,72,90,65
21,60,62,64
8,72,72,62
19,83,77,66
16,75,86,62
14,81,58,66
18,95,54,70
31,96,93,75
24,71,91,67
17,78,76,66
23,82,83,71
28,98,86,75
26,100,74,72
20,69,63,64
16,89,74,65
24,75,98,67
22,60,92,63
25,60,73,62
24,78,61,69
26,80,94,70
17,61,82,63
28,87,70,71
21,72,56,63
32,82,88,71
16,72,66,63
30,67,80,68
21,76,78,65
16,69,85,66
17,81,77,66
18,68,82,66
23,80,54,65
23,66,83,66
17,87,60,67
20,90,70,68
33,64,76,68
30,79,84,69
23,63,87,64
20,84,85,67
21,71,55,63
24,81,69,67
14,81,64,64
18,97,70,66
10,82,82,65
22,83,60,68
24,76,75,66
17,98,94,71
29,91,87,74
13,71,86,65
11,94,92,68
21,77,70,68
26,93,88,72
30,93,53,74
17,68,53,61
26,88,67,65
20,72,60,63
19,72,76,66
25,72,59,66
24,89,99,73
11,69,93,63
29,60,99,68
28,89,90,73
16,67,98,63
22,64,68,65
23,70,75,66
22,75,62,65
17,79,82,66
16,62,89,65
20,99,75,70
27,89,65,70
23,73,75,68
18,73,53,64
25,78,86,68
3,85,73,62
27,66,95,68
10,68,96,61
18,94,56,69
13,70,100,65
12,75,98,65
27,95,81,72
17,87,91,70
22,74,51,65
20,87,99,69
23,61,73,65
20,89,95,69
12,79,69,65
26,93,89,72
17,98,71,70
11,97,68,64
17,96,97,67
29,80,85,69
25,74,92,70
18,79,77,65
18,88,96,69
18,95,87,74
32,68,54,66
22,97,88,72
23,93,51,67
26,99,91,75
21,95,67,70
18,71,80,63
19,64,87,65
20,64,82,64
20,72,84,65
24,85,95,70
20,92,69,67
24,96,77,67
20,85,59,68
20,60,73,65
8,67,58,61
25,64,82,63
22,75,66,80
26,80,93,69
3,62,67,55
33,74,64,70
19,67,75,65
27,86,59,68
14,79,60,64
24,80,89,69
14,77,75,89
16,98,60,67
31,69,52,92
19,81,73,67
21,89,87,70
25,82,68,68
23,97,62,70
21,75,70,67
22,79,98,69
34,64,71,67
20,84,63,69
21,72,78,63
26,66,91,69
27,82,51,66
27,81,78,68
24,63,92,69
13,88,61,66
30,85,96,72
13,68,79,62
22,79,76,67
15,89,98,67
20,81,56,67
22,76,87,65
22,73,91,67
23,84,74,66
30,98,50,70
23,87,76,71
19,63,58,64
26,78,78,69
27,96,87,72
13,64,77,60
24,100,82,71
24,98,55,71
18,63,55,66
28,97,93,74
19,75,52,64
21,94,64,68
19,77,97,66
20,78,73,65
13,85,84,64
11,91,61,65
30,61,64,69
15,84,75,68
14,67,82,62
7,74,98,63
16,74,79,65
12,79,55,62
30,73,68,67
26,64,62,64
16,66,63,61
34,61,75,65
26,79,66,67
18,98,64,70
5,65,98,59
34,98,79,75
12,89,63,67
10,85,64,64
26,86,91,72
35,93,94,76
28,64,84,69
23,80,72,65
24,88,88,72
25,83,97,69
25,93,58,71
22,63,93,64
21,88,92,74
20,81,68,68
15,75,65,66
18,74,78,65
10,85,64,67
19,96,57,69
14,80,98,66
13,93,75,69
21,76,74,67
28,64,56,64
26,62,75,67
11,62,87,61
14,75,62,61
26,73,68,68
14,89,59,66
19,90,68,66
23,62,93,68
14,69,62,63
21,71,51,66
12,82,77,66
16,66,79,66
22,65,66,65
10,98,82,69
23,92,52,71
20,67,67,66
23,76,57,66
21,74,61,65
28,92,69,71
21,80,75,69
17,65,55,61
21,90,55,70
23,76,84,70
20,71,70,65
20,75,59,64
16,80,62,68
16,74,86,63
12,70,53,63
30,76,75,71
13,61,68,58
16,91,91,68
16,67,90,65
25,62,84,65
18,86,69,68
27,91,82,69
16,93,82,71
22,80,67,65
15,68,94,64
33,89,99,75
13,88,66,67
22,70,90,68
24,96,75,72
22,64,73,67
19,99,69,72
19,94,65,69
20,88,96,68
19,98,87,70
26,89,72,69
33,68,88,67
17,78,86,63
12,63,63,61
19,76,59,66
35,90,92,73
15,75,91,67
30,73,100,72
30,84,51,69
17,95,77,69
23,62,85,63
30,75,79,67
18,66,86,63
19,88,57,66
17,64,50,62
14,87,55,68
16,71,69,65
13,68,66,59
20,97,94,72
15,61,54,63
21,78,72,68
11,61,98,61
22,79,75,65
25,80,57,68
8,73,65,61
22,65,81,63
27,75,51,67
13,87,98,66
30,91,78,75
23,81,85,68
16,84,75,65
20,68,98,64
23,71,79,67
20,66,83,64
23,70,93,67
14,69,93,63
21,81,51,67
12,83,64,65
19,98,62,70
15,68,50,62
16,86,94,69
27,93,66,70
27,82,67,68
24,70,55,68
13,71,99,64
18,62,91,63
27,72,79,68
21,90,89,67
34,62,89,68
22,69,83,66
21,88,59,67
18,91,86,69
21,78,78,68
19,88,86,70
24,76,77,68
26,66,98,66
15,76,81,67
12,83,79,65
9,98,92,67
23,63,69,63
13,80,66,64
7,73,75,64
22,80,79,66
35,61,61,68
20,73,84,67
25,93,90,72
20,82,79,67
19,78,76,66
26,71,65,66
18,72,95,67
22,75,88,65
22,93,74,70
16,99,83,69
26,78,67,69
19,76,53,66
15,94,60,66
23,77,54,67
15,82,75,67
20,69,81,67
20,90,69,72
27,81,77,68
23,92,54,70
20,91,88,69
25,69,52,65
28,89,82,72
23,92,72,69
20,74,59,68
12,67,76,62
14,60,89,60
18,78,71,67
16,74,68,67
19,82,57,67
20,68,80,63
23,94,91,71
20,70,78,66
23,69,58,65
20,79,83,69
8,80,52,63
14,69,92,64
19,71,96,67
13,67,80,62
24,89,94,68
29,91,54,71
27,78,61,66
19,89,66,69
29,89,89,71
21,66,74,66
18,99,67,72
16,93,58,70
18,68,91,65
18,67,51,64
21,65,67,63
21,66,62,63
20,90,56,66
23,79,59,68
27,91,75,74
26,90,71,71
11,84,76,67
5,87,86,66
26,61,95,67
12,72,56,62
19,86,54,68
13,60,66,62
9,61,77,82
23,94,55,70
25,87,86,72
17,71,78,64
4,88,87,66
17,92,68,68
22,72,70,64
11,61,90,61
21,97,63,69
20,74,69,68
23,64,51,64
21,80,78,67
14,91,93,67
27,69,51,65
19,71,81,68
20,70,92,67
14,100,75,67
17,68,66,64
15,83,100,70
19,97,53,69
30,66,61,66
12,99,94,69
10,98,65,66
29,95,91,73
19,69,67,66
16,85,91,69
26,90,84,70
16,99,73,71
31,67,76,70
24,91,59,69
17,74,56,63
33,67,86,71
16,77,92,67
24,92,86,73
22,79,96,68
28,82,95,69
29,100,89,76
20,76,95,68
15,85,58,65
23,75,87,66
16,76,88,65
32,88,58,69
21,98,95,71
18,82,50,66
21,91,72,69
12,64,51,59
14,68,76,65
27,80,71,72
16,61,81,60
14,70,88,64
23,81,88,69
27,61,86,70
24,71,55,67
26,81,71,67
15,83,91,64
11,97,83,68
29,86,84,72
18,77,61,65
18,97,66,70
28,91,98,75
23,68,92,65
23,65,58,63
33,87,77,71
16,82,75,66
26,92,72,69
20,90,74,68
22,85,82,71
29,99,98,77
23,81,94,70
23,65,94,66
26,93,85,73
18,70,51,62
15,91,72,65
14,98,76,71
8,88,92,66
32,84,96,72
13,78,73,64
19,75,65,63
18,74,67,63
22,85,79,72
25,90,64,71
25,87,96,72
17,68,71,65
19,80,100,67
22,92,55,68
19,79,59,66
30,81,76,72
23,91,93,71
24,86,68,70
24,76,92,68
27,96,71,72
21,67,93,66
12,100,64,69
22,65,74,65
16,61,64,62
17,96,61,69
24,70,71,65
27,89,67,69
20,92,89,69
22,94,87,73
30,100,68,75
21,72,100,70
36,88,99,74
23,65,96,65
9,76,79,63
25,94,71,74
22,75,66,67
28,84,51,71
24,80,82,68
19,86,78,69
13,99,81,71
19,62,79,66
15,83,57,65
17,95,85,66
24,79,68,65
30,63,76,67
22,82,68,70
13,73,51,63
23,66,94,64
27,94,57,71
16,81,79,68
19,97,94,72
20,92,61,71
15,88,71,64
24,60,69,64
19,77,54,66
23,68,71,68
15,96,74,68
17,67,51,65
24,71,74,67
18,81,55,64
30,71,95,70
18,68,83,65
21,84,53,65
26,64,91,68
11,62,68,61
9,75,61,63
11,89,63,65
28,82,80,69
17,77,54,64
35,83,53,69
17,75,81,67
21,97,99,74
29,62,74,66
32,87,71,72
32,96,97,73
27,92,62,73
26,67,62,63
24,72,95,69
25,89,82,71
17,63,53,63
15,92,84,69
20,89,91,72
19,89,64,68
17,64,69,62
24,89,60,68
26,87,82,71
21,93,83,67
29,62,53,65
13,61,84,60
19,75,83,68
16,66,52,59
9,82,78,64
20,97,81,71
19,76,72,68
29,94,95,70
24,60,66,62
14,67,53,62
31,61,84,68
27,73,80,68
23,96,99,74
19,64,62,61
14,84,70,67
18,78,73,65
27,98,93,101
31,65,71,65
29,68,89,67
17,61,58,61
13,77,70,64
21,71,58,64
9,95,97,67
22,84,59,69
19,85,71,69
17,81,54,67
10,64,96,62
23,78,81,66
17,100,98,72
13,93,52,67
3,96,59,66
20,93,69,67
31,64,81,67
30,69,66,68
17,60,86,63
16,72,58,62
23,64,80,65
14,79,70,65
22,87,75,70
25,95,78,73
27,90,53,73
19,98,96,68
19,62,89,63
15,60,72,62
15,86,77,69
19,72,52,66
22,70,75,68
25,73,71,67
15,71,69,65
29,80,91,70
18,78,59,64
20,80,59,65
16,87,76,67
5,75,84,62
25,70,51,66
24,67,77,68
18,74,65,64
20,90,88,69
23,90,73,69
11,87,92,67
17,69,70,61
25,84,91,70
12,83,86,65
22,79,91,66
12,82,91,66
23,80,74,69
20,83,68,67
10,89,88,71
27,64,68,68
16,90,54,67
15,65,93,63
21,63,70,64
27,99,57,73
14,98,82,69
20,62,94,65
23,78,93,70
24,67,78,67
21,79,54,67
18,93,85,70
15,98,80,69
21,85,61,68
14,74,95,66
2,84,54,62
23,72,69,67
25,96,55,71
6,95,96,68
14,82,52,66
24,73,71,64
32,72,93,71
20,61,63,61
16,93,55,67
19,78,56,65
28,73,70,66
16,79,71,68
15,93,86,66
17,65,62,63
14,94,85,66
21,96,100,73
30,98,93,88
22,76,82,67
18,69,97,69
18,75,100,67
11,73,79,64
25,67,64,64
20,84,96,65
19,79,92,68
39,95,54,77
22,61,97,63
15,86,68,69
17,91,66,69
27,90,67,70
21,95,66,73
11,89,76,66
26,97,79,71
16,73,71,66
31,80,71,71
26,61,87,66
17,60,50,63
28,70,97,70
20,64,86,66
25,70,85,66
23,67,71,66
15,61,98,62
16,96,50,69
26,60,54,63
18,89,90,68
18,66,87,64
14,96,64,69
23,96,80,71
32,86,77,71
14,87,76,66
20,60,80,63
28,99,100,72
20,95,99,70
23,96,99,71
14,86,77,65
23,74,66,65
19,96,78,67
26,72,81,68
27,83,66,70
36,64,82,70
23,97,81,72
22,66,95,65
21,69,62,65
18,82,85,71
22,91,73,74
18,85,56,64
21,69,66,64
28,60,53,65
14,90,66,67
27,99,53,73
28,92,96,72
19,78,55,65
7,96,91,67
16,76,95,66
28,81,73,70
20,79,53,66
14,78,80,66
17,91,62,68
25,81,59,68
23,73,78,67
19,70,68,65
18,62,87,64
18,83,80,70
14,69,91,63
30,66,53,65
18,86,62,67
27,87,78,71
29,90,94,73
26,80,91,67
17,96,84,72
22,97,79,71
20,92,82,72
15,85,61,68
22,72,80,65
13,99,75,68
27,71,69,67
17,68,94,66
21,78,91,64
22,62,54,65
18,99,99,69
24,84,61,68
17,82,61,69
25,86,97,70
12,80,72,65
21,61,90,63
32,84,64,71
14,89,94,68
16,77,92,70
23,90,76,72
21,69,85,64
22,69,98,64
23,66,73,66
24,75,75,69
27,94,86,71
22,93,69,69
19,75,98,67
24,84,52,66
31,89,70,71
19,70,86,63
14,67,71,62
27,99,63,73
19,85,71,66
7,99,94,72
25,74,77,67
17,88,67,65
19,69,84,66
22,70,81,68
21,80,78,69
24,73,70,68
17,67,54,61
23,71,81,68
18,61,71,64
24,88,71,67
24,80,62,68
14,64,62,61
27,67,89,66
17,64,74,64
25,85,55,67
22,64,52,64
31,90,61,72
19,61,74,62
18,70,81,63
20,96,57,70
18,89,72,69
25,63,54,64
10,93,52,66
14,80,93,67
14,94,83,71
26,84,89,70
30,87,59,69
19,100,66,68
19,69,72,64
20,85,83,70
27,78,77,69
14,62,78,63
21,61,58,60
26,65,74,65
23,86,91,67
21,83,75,66
26,82,60,68
4,61,71,58
24,79,88,67
16,97,57,68
9,76,79,62
23,85,98,69
28,91,69,73
19,91,52,66
26,81,82,67
30,94,52,71
28,76,60,66
30,96,52,74
24,70,59,67
20,71,93,68
10,62,87,61
19,92,67,69
15,77,95,65
33,69,83,71
19,69,72,61
21,96,53,70
23,93,87,70
20,82,69,69
30,85,65,70
16,79,64,67
21,76,50,63
16,97,87,70
12,65,57,61
16,77,76,64
20,74,51,65
17,80,81,65
16,78,68,66
12,81,82,66
20,66,54,63
11,81,63,66
25,70,56,64
20,67,82,65
11,63,55,62
18,91,81,71
15,77,57,63
22,85,97,70
28,89,71,70
9,87,56,65
21,79,52,66
19,76,66,66
24,75,95,68
21,86,57,68
15,80,90,69
18,94,71,71
15,95,90,69
26,67,94,68
20,65,100,67
31,85,53,72
20,72,90,68
16,61,53,60
11,96,66,68
9,69,82,65
10,97,72,67
22,89,78,70
23,91,98,70
11,68,91,61
25,69,68,68
17,81,80,67
21,67,52,62
30,72,73,66
25,73,80,69
18,66,86,66
15,68,95,64
7,92,64,66
16,67,95,63
19,61,83,62
14,85,54,65
19,99,69,68
20,73,74,65
19,65,68,63
16,83,56,68
21,96,78,72
23,91,57,69
13,85,96,66
28,73,93,68
19,82,74,64
20,64,53,61
24,87,78,67
21,89,80,68
26,99,94,74
22,70,53,67
16,61,85,64
22,82,78,69
13,88,59,63
21,92,56,67
20,68,85,65
19,70,67,67
19,81,100,68
9,73,95,62
17,94,78,70
21,79,82,67
21,92,58,89
14,83,95,65
28,91,73,69
15,73,76,64
26,93,94,74
23,71,50,64
16,82,75,64
31,69,81,67
13,79,58,63
26,73,53,68
26,71,77,66
16,99,77,68
28,66,67,68
18,91,94,69
22,99,65,71
22,61,76,65
19,88,59,67
25,70,51,65
25,62,71,65
10,76,76,80
28,97,88,74
10,60,72,59
26,84,64,69
27,80,80,66
13,95,69,66
18,63,62,65
13,87,96,67
19,87,77,69
18,87,60,68
25,98,84,73
28,93,90,71
28,62,88,67
17,79,80,67
19,76,76,66
10,72,89,63
15,78,85,65
26,75,79,67
30,77,83,69
13,99,58,67
16,64,51,66
20,97,97,74
22,79,97,69
15,85,89,66
23,93,69,69
17,74,58,63
20,77,68,65
23,76,86,64
20,75,67,64
17,97,90,69
19,93,84,73
19,64,81,62
18,64,97,62
18,77,95,68
30,64,86,66
23,85,60,68
18,66,97,66
24,81,61,69
18,60,69,62
27,73,91,68
22,87,60,67
19,79,82,65
23,99,73,69
11,95,81,67
13,74,98,64
13,62,90,62
21,94,65,71
30,96,53,72
33,93,98,74
24,65,79,66
23,100,59,72
9,70,81,65
17,89,52,67
15,96,59,70
16,69,82,62
19,96,70,66
17,72,66,65
8,99,83,70
24,71,93,69
14,98,84,70
21,62,73,66
32,88,83,73
14,81,85,69
5,79,89,66
18,69,65,65
27,88,56,70
32,68,84,70
13,82,56,67
23,70,73,68
17,98,62,68
19,61,67,61
36,68,74,70
11,70,95,65
22,77,84,66
23,69,59,67
27,80,94,69
21,95,75,69
22,88,60,67
18,83,76,66
22,64,60,63
18,88,68,67
24,67,90,64
18,91,83,68
22,70,74,65
20,77,61,65
27,74,64,65
20,94,99,70
9,65,67,62
28,83,81,68
15,66,75,62
16,88,51,68
16,96,97,72
28,77,54,70
7,80,83,62
39,97,91,79
26,81,87,73
21,80,90,68
20,83,87,68
22,88,72,69
23,64,95,63
24,93,96,74
23,77,72,69
21,63,74,61
19,91,74,69
19,75,64,64
19,64,56,63
27,85,63,68
24,95,92,72
2,96,77,65
24,98,93,69
21,95,87,70
20,60,67,63
18,75,59,62
27,93,78,72
26,75,97,69
15,84,92,66
22,84,88,71
14,75,88,62
12,96,76,68
16,80,58,63
25,79,64,66
26,100,79,75
23,80,66,69
24,67,89,68
23,81,69,69
16,93,56,67
23,91,89,73
25,92,85,71
25,88,63,71
27,70,99,68
24,94,70,70
22,96,84,71
26,68,96,69
20,65,58,63
15,99,94,71
19,95,85,69
16,96,58,71
16,95,83,68
19,82,94,68
15,86,90,66
18,82,88,67
9,62,58,59
21,90,60,66
20,80,77,64
15,86,79,64
24,80,97,69
26,80,73,69
10,67,65,61
15,71,60,62
15,66,53,61
14,68,53,63
25,99,79,71
19,66,59,65
18,71,93,68
8,84,80,67
24,84,93,70
13,66,71,64
20,92,80,71
22,91,76,71
28,69,99,67
12,72,90,63
2,98,80,66
21,93,80,70
31,88,62,70
27,63,87,67
21,77,99,69
17,82,56,66
25,67,82,67
14,78,76,65
23,84,93,72
23,73,50,68
26,91,57,72
37,94,52,76
22,73,58,65
17,94,85,68
20,64,57,65
9,94,81,66
16,66,93,63
18,63,52,63
17,86,51,66
21,79,99,69
15,96,84,72
27,75,57,66
20,71,65,64
20,80,99,67
18,78,61,67
21,74,88,66
25,88,62,68
15,90,70,65
16,94,94,71
18,99,51,71
12,71,65,62
15,89,74,69
17,76,81,65
25,87,51,70
22,79,71,66
21,100,67,70
25,89,51,70
19,98,68,69
22,93,97,71
19,96,64,69
22,93,79,73
17,78,65,65
5,70,55,62
19,75,64,67
29,61,74,65
26,81,65,65
26,80,81,70
27,81,97,70
21,99,53,71
21,96,86,71
16,66,50,62
18,75,50,65
24,77,57,84
27,74,74,68
19,92,52,70
17,81,86,68
20,83,51,67
24,94,75,69
11,92,84,68
6,65,62,59
17,89,79,67
13,77,63,63
17,72,61,65
19,62,91,63
17,79,67,64
29,74,91,72
22,70,61,63
22,88,68,66
24,91,55,67
13,70,75,66
26,62,69,66
20,94,50,68
24,60,73,66
14,97,54,68
11,85,92,65
25,73,75,67
22,70,85,64
15,60,91,59
15,69,53,60
27,66,67,65
13,84,51,64
30,67,52,66
15,81,52,65
24,84,74,69
18,72,73,66
24,61,53,65
17,61,63,62
19,61,62,60
20,90,65,68
14,73,82,64
24,92,85,73
17,77,67,64
19,78,89,69
14,81,71,63
5,89,76,65
19,71,57,65
34,65,62,67
25,82,86,67
20,73,99,66
18,78,85,68
20,86,53,65
23,80,57,66
13,85,72,66
27,82,87,69
24,90,58,70
24,88,88,71
23,81,78,70
20,87,89,68
24,95,78,73
24,77,80,68
18,77,62,66
17,91,86,67
21,83,92,66
29,63,94,69
13,96,51,67
11,61,81,61
21,90,99,70
20,90,79,70
21,98,59,70
21,62,94,64
19,84,63,65
29,77,52,70
10,73,72,62
15,64,55,64
19,83,56,67
10,79,73,63
19,64,81,62
30,84,95,72
20,90,85,69
21,91,92,72
12,96,71,68
16,76,66,64
18,98,80,72
18,95,85,73
28,72,78,67
23,66,63,64
13,77,68,65
21,76,72,67
23,83,51,68
27,83,94,72
29,90,76,71
14,80,88,66
15,64,59,59
12,94,78,68
19,72,96,64
23,99,61,70
26,65,67,65
20,98,69,72
18,64,69,66
21,69,80,68
15,62,70,62
33,88,84,70
10,94,74,70
21,77,58,64
32,97,97,76
20,84,62,67
19,85,78,69
18,94,53,68
19,72,96,67
28,74,96,69
7,96,68,67
29,96,56,73
11,99,88,71
18,96,63,70
17,65,85,65
24,93,96,73
10,76,80,65
23,100,93,73
32,79,61,70
12,82,96,66
21,81,61,66
16,73,61,64
23,63,94,68
20,96,78,70
16,92,90,72
23,66,90,66
31,91,82,74
19,85,59,67
24,76,85,71
12,70,53,60
14,94,60,68
23,88,82,69
29,82,95,74
22,84,89,71
18,64,67,63
20,79,91,66
12,68,98,65
24,68,67,60
25,86,59,69
17,96,60,69
17,76,70,67
22,68,53,65
17,86,74,70
20,95,87,71
33,90,77,73
19,95,99,70
18,81,73,67
16,90,51,67
24,66,74,65
19,74,96,69
16,76,55,65
28,80,61,68
29,97,86,74
16,95,65,68
9,65,88,61
26,67,71,67
16,74,90,66
25,72,78,69
8,85,54,62
25,96,69,71
13,98,67,71
24,86,91,72
20,94,81,69
14,81,89,67
18,68,69,63
24,81,85,68
21,82,53,69
24,90,52,65
32,69,64,70
11,75,89,65
30,75,77,67
21,98,70,72
15,78,95,69
12,90,75,69
19,90,81,71
26,71,99,67
19,83,76,65
29,96,89,70
11,79,71,63
20,98,52,71
12,69,92,64
22,63,97,69
25,96,72,69
17,94,75,70
4,100,71,64
21,87,100,70
23,97,95,74
22,93,52,69
27,94,89,73
14,83,80,66
24,75,51,67
27,97,72,76
9,77,57,61
22,82,94,68
17,78,51,63
20,83,94,67
22,79,97,66
17,62,54,62
16,95,86,69
20,78,77,67
13,84,98,66
13,66,90,63
24,60,85,64
13,70,96,64
24,88,58,67
23,64,69,66
10,96,92,68
16,69,55,62
27,68,97,68
14,67,87,63
17,61,72,62
23,91,67,72
25,95,57,69
18,85,55,67
16,68,71,65
29,71,92,69
30,79,77,72
26,98,73,70
21,70,66,91
15,89,58,65
15,78,100,62
23,72,51,65
23,78,66,67
28,63,88,67
24,92,76,72
11,70,66,60
26,89,100,69
14,63,81,61
18,98,65,70
22,68,92,68
32,95,58,75
39,92,73,75
24,99,92,72
19,79,99,66
23,89,69,71
25,75,57,70
18,67,78,63
31,78,97,72
21,67,83,65
23,99,80,71
24,64,65,65
23,84,80,69
25,85,94,71
16,82,69,68
17,86,62,66
13,65,74,60
23,82,69,68
25,71,73,67
23,98,55,71
30,90,67,74
20,99,91,70
24,62,70,63
13,71,98,64
18,68,85,66
24,60,68,64
25,70,63,69
18,87,84,71
20,69,65,64
11,80,96,65
18,96,56,69
25,88,51,68
23,76,61,68
23,75,80,68
20,78,92,65
20,67,59,65
16,85,79,66
24,75,57,66
23,94,78,71
23,90,51,68
17,84,78,65
7,75,76,63
27,68,52,66
17,91,84,71
15,79,79,65
24,69,81,68
18,68,76,66
26,67,86,64
24,91,76,70
24,69,96,70
12,81,97,66
27,78,86,70
22,83,96,71
18,95,96,70
21,95,63,70
9,78,100,66
22,61,63,64
14,77,51,66
12,84,98,68
11,82,61,61
27,86,79,72
16,66,99,66
29,86,52,68
17,67,63,61
10,90,80,67
13,74,88,66
27,88,90,74
19,62,94,66
17,76,58,67
21,88,69,71
23,69,86,66
27,92,86,71
29,85,65,72
18,84,65,66
12,74,66,62
18,79,95,66
22,84,95,69
14,79,51,64
14,88,66,69
22,77,70,69
20,68,99,64
20,69,97,68
15,60,81,63
19,72,52,64
14,90,60,69
25,92,72,71
26,68,98,67
9,98,55,67
14,80,90,66
11,97,60,67
16,88,75,68
19,89,88,69
11,63,85,62
14,69,89,66
14,60,91,63
21,89,65,67
20,74,68,68
16,91,91,66
21,74,52,66
17,93,76,67
18,65,96,66
30,67,94,69
28,74,90,72
12,76,51,60
25,74,94,68
25,91,96,72
13,64,83,64
25,74,65,65
29,93,74,76
13,63,88,59
14,98,91,67
26,99,67,73
22,64,66,64
23,72,87,67
22,75,84,69
22,91,76,69
12,84,71,67
26,86,83,72
27,90,52,86
19,65,54,62
20,93,79,69
11,88,61,68
23,83,89,99
23,96,89,70
20,88,85,68
27,68,95,67
18,77,57,66
23,80,63,66
14,62,63,62
20,98,89,72
19,65,76,64
21,88,63,68
18,80,57,66
19,61,95,68
25,97,85,75
17,94,76,67
10,81,98,65
30,69,92,68
28,65,59,67
12,75,75,63
24,70,74,67
17,80,92,67
22,99,57,73
22,83,73,67
19,96,82,71
15,86,97,67
16,79,95,68
15,94,77,68
15,79,80,66
20,95,93,68
16,72,87,63
24,65,94,68
29,94,95,74
17,83,92,65
21,96,50,69
23,98,66,70
23,62,70,65
20,80,84,68
24,75,65,65
23,85,66,68
13,92,70,68
25,71,98,66
25,82,72,70
15,88,57,66
20,65,50,64
24,93,62,70
19,84,97,68
26,98,98,74
34,74,76,71
15,64,82,61
12,80,90,64
22,63,53,64
24,99,69,73
19,62,82,62
29,90,95,71
12,81,86,68
24,75,68,67
16,63,95,63
30,85,83,71
32,83,92,72
15,71,69,66
17,96,50,67
25,72,58,66
18,78,96,68
20,82,52,64
20,64,80,65
8,97,70,66
20,75,71,69
16,63,70,64
17,75,53,65
29,84,56,72
12,81,53,65
25,88,53,70
18,62,54,64
18,71,85,62
25,93,56,69
22,63,63,62
23,94,83,69
26,64,56,66
18,93,96,71
16,74,74,66
13,84,98,64
15,66,60,63
38,63,52,69
27,69,80,68
12,65,66,63
12,72,79,64
23,81,74,66
23,84,73,71
23,92,93,72
18,86,60,88
19,84,75,66
22,76,71,65
21,79,84,66
7,77,53,62
19,94,76,68
15,69,74,65
21,60,99,62
38,86,88,74
22,68,58,64
18,96,75,72
26,94,89,70
23,63,76,65
23,64,68,66
24,80,69,67
32,84,68,73
13,71,51,65
23,89,87,74
14,84,81,66
23,73,63,67
14,61,82,58
17,90,65,71
18,69,62,63
26,93,87,73
26,77,90,68
13,83,81,66
20,95,89,68
16,95,68,66
12,75,54,62
19,68,80,78
18,91,63,68
35,77,89,77
23,68,68,65
12,96,84,73
17,68,78,64
26,61,91,67
33,61,92,69
10,85,53,60
9,86,65,66
31,72,94,70
22,73,70,66
15,74,76,64
23,87,59,70
4,62,78,58
20,97,63,69
22,69,91,64
26,100,60,72
14,67,68,60
21,91,55,70
14,69,79,62
22,63,97,66
15,95,59,66
18,94,51,65
14,76,71,64
24,88,87,72
25,82,99,71
19,94,53,68
20,73,89,68
11,81,68,64
18,79,58,65
20,74,60,64
36,96,96,75
13,67,90,61
29,66,66,68
26,83,97,70
22,86,55,71
31,68,66,66
22,76,83,66
22,98,100,70
20,70,73,62
27,87,91,72
27,90,96,72
16,78,50,63
12,98,64,69
19,89,55,68
15,78,89,67
20,83,78,71
27,88,55,67
17,84,71,62
20,95,76,69
20,74,85,67
25,72,89,71
7,69,54,87
16,62,74,62
21,62,58,64
27,95,88,74
17,87,83,69
9,86,86,65
24,85,54,66
16,94,76,70
13,79,92,68
16,95,86,70
19,74,93,68
16,97,60,69
7,88,64,66
25,70,72,65
28,83,76,71
24,81,63,66
13,66,69,61
19,84,84,69
20,73,82,65
24,62,56,63
24,98,99,73
16,86,78,68
20,95,74,70
23,87,98,72
29,74,57,68
24,81,77,68
25,87,90,71
21,98,70,68
28,70,87,70
22,95,95,70
15,97,63,69
28,87,62,73
24,97,68,72
17,76,71,67
17,98,56,69
22,88,62,68
23,62,94,64
21,96,78,71
22,79,63,68
30,78,97,70
26,83,89,72
21,66,68,65
26,79,88,70
14,93,80,69
22,61,84,64
31,71,66,67
19,60,60,65
15,77,63,62
16,89,54,68
13,92,74,68
15,98,70,68
18,84,50,68
12,70,93,62
20,97,84,72
25,91,72,69
15,83,98,68
29,88,97,71
23,97,55,69
26,88,81,71
16,75,91,65
25,89,59,68
13,62,56,60
25,75,63,68
21,76,64,66
23,67,98,66
13,61,89,62
15,65,53,61
24,86,89,69
14,92,58,69
23,100,68,74
12,74,66,62
25,84,64,67
13,97,65,69
23,67,88,66
24,89,63,72
16,90,90,69
23,64,55,65
22,94,80,72
17,93,93,69
14,61,54,60
8,64,82,61
22,62,76,63
11,73,67,63
21,80,55,68
18,81,84,68
24,71,65,65
18,96,67,71
18,75,86,64
24,62,97,65
22,72,67,67
22,81,87,67
23,76,98,67
11,71,55,87
25,65,76,67
24,93,51,72
14,100,91,69
19,73,64,65
20,75,67,66
19,85,84,70
22,89,89,71
29,76,70,67
26,96,83,72
12,82,98,63
24,78,94,67
28,86,85,72
22,98,97,72
27,92,94,70
32,62,86,67
26,73,96,68
21,79,91,67
26,73,75,70
21,88,75,67
20,93,50,71
18,89,52,69
29,100,87,74
15,71,78,63
29,95,88,72
23,91,97,71
12,74,73,64
22,89,54,69
7,64,81,62
24,92,55,69
25,81,81,68
16,72,76,67
21,86,86,71
32,86,68,70
17,68,57,63
14,61,62,60
29,77,84,69
32,83,74,71
20,95,77,69
26,97,66,73
28,81,92,73
16,90,100,68
17,78,66,67
27,90,86,74
30,68,59,68
23,75,87,69
15,85,72,69
32,61,80,68
17,89,62,66
18,93,93,69
22,76,59,66
29,78,96,72
25,94,53,69
22,91,64,68
23,72,78,66
20,73,93,65
23,87,79,71
5,83,61,61
18,66,93,63
21,72,80,66
13,96,62,69
22,88,78,71
19,99,84,73
31,91,84,72
29,98,86,73
17,69,95,65
19,91,91,71
20,61,80,65
17,87,52,67
21,79,87,69
15,74,99,63
13,94,65,68
24,94,80,70
24,61,88,64
15,84,82,64
25,75,96,68
16,77,74,65
22,93,77,70
25,72,52,66
20,98,95,70
23,67,63,66
17,87,99,69
19,87,60,69
19,70,63,64
16,73,74,64
19,93,83,69
11,90,72,67
17,73,68,63
18,81,77,67
18,62,98,65
19,68,98,64
20,79,66,68
23,63,84,64
25,94,86,70
16,89,83,70
13,98,56,67
14,88,77,69
17,98,88,70
18,82,60,69
15,84,67,65
12,99,60,66
17,86,94,70
21,61,93,63
24,89,58,69
17,96,88,74
18,92,68,70
14,83,84,66
20,87,75,68
15,100,74,67
23,64,94,66
9,87,82,65
18,71,62,66
22,86,56,69
21,84,97,67
36,66,58,69
22,68,87,66
14,85,75,64
19,65,57,61
9,71,89,61
20,93,95,70
15,73,56,65
25,80,53,67
17,98,92,69
19,69,75,63
16,76,84,66
30,84,72,73
18,90,71,68
31,96,65,74
25,97,78,70
23,91,58,68
22,69,86,67
22,61,77,65
8,75,92,66
18,66,96,64
25,88,95,72
20,86,80,70
12,62,66,60
20,93,68,68
30,70,83,71
27,77,86,68
20,87,58,67
26,77,100,70
18,78,55,65
10,63,80,60
14,76,77,65
29,91,80,70
18,97,77,69
19,77,53,64
18,77,100,67
31,88,99,73
30,98,76,74
33,71,60,67
19,78,59,66
22,92,53,69
11,84,81,64
29,64,74,69
13,85,71,66
21,67,76,65
13,80,94,67
16,81,54,67
15,95,77,68
16,78,85,65
17,71,99,66
17,69,87,65
25,95,77,71
13,67,88,63
21,77,100,70
27,67,94,70
17,91,54,67
16,79,79,68
19,74,89,63
27,74,84,70
21,94,71,69
17,82,66,66
23,89,81,70
13,96,71,68
24,96,70,70
22,73,92,67
18,98,66,69
15,61,82,64
15,75,94,62
23,96,81,71
27,71,75,69
16,71,52,62
23,72,84,66
7,84,100,64
16,78,90,66
20,89,82,72
15,96,73,71
14,87,61,65
16,68,85,65
22,97,59,70
19,71,94,68
7,66,68,57
7,64,70,59
16,83,61,64
23,65,74,67
4,66,84,60
17,72,65,67
17,71,85,65
28,84,81,71
18,93,69,67
22,90,66,69
21,70,93,68
7,70,51,59
25,99,86,75
21,60,71,59
23,95,86,71
44,68,75,71
7,98,54,66
30,74,99,69
18,78,54,65
22,88,58,68
20,84,71,68
17,73,97,67
17,82,65,68
22,89,78,68
11,62,76,88
25,60,67,66
18,78,85,67
13,65,75,63
17,87,79,68
28,69,61,65
17,77,96,67
22,68,56,67
16,82,85,67
25,65,94,64
24,61,54,61
31,62,51,65
19,98,67,70
24,66,89,67
21,88,86,68
28,63,91,65
16,64,70,63
24,80,100,72
19,79,68,68
20,98,90,73
21,98,68,71
22,91,61,70
19,84,67,68
21,78,60,68
29,74,56,68
26,98,68,71
25,84,57,70
17,83,75,67
15,69,52,61
26,62,72,64
25,98,98,72
29,73,68,67
16,78,57,65
19,65,65,64
10,93,90,66
18,61,66,62
26,93,69,70
17,66,89,64
24,95,63,70
19,89,74,66
22,67,53,62
13,83,59,63
21,73,60,66
2,67,73,58
19,94,91,70
10,76,68,63
27,76,69,70
25,67,65,65
23,75,66,67
29,95,70,73
14,75,95,82
30,98,51,71
26,98,81,73
19,66,94,65
27,67,71,67
13,95,83,67
15,76,79,69
16,60,67,61
17,71,57,64
14,84,61,64
27,92,53,68
18,65,88,62
22,64,77,66
17,97,89,70
9,90,65,67
22,84,90,70
9,91,65,65
20,77,56,65
12,90,77,70
32,75,97,72
25,70,71,65
21,89,76,71
28,77,73,71
15,99,73,72
23,74,61,64
21,97,71,72
22,97,75,71
28,70,87,66
24,92,57,71
22,77,79,67
10,97,83,69
14,78,69,67
19,90,77,71
21,79,86,66
13,69,73,62
34,68,67,67
29,77,91,70
24,90,99,72
20,84,61,69
19,88,94,70
14,71,77,64
20,79,72,65
22,62,95,66
13,93,96,68
22,100,64,72
19,76,68,65
9,60,93,60
15,67,75,63
18,86,64,66
31,84,98,73
23,92,61,71
12,70,81,59
23,91,71,70
11,88,73,63
26,73,55,67
17,82,63,65
19,66,58,64
28,78,87,71
12,95,85,70
12,77,90,63
16,94,85,68
26,84,56,67
11,68,99,66
3,83,59,63
17,80,68,65
23,76,85,66
27,65,57,65
17,77,59,65
18,63,94,63
27,64,67,65
9,77,83,62
18,72,93,66
21,97,99,71
23,75,61,64
17,90,56,67
20,81,87,68
5,88,59,63
16,70,79,64
23,98,77,74
14,81,78,68
20,93,82,68
23,75,93,69
18,64,64,61
21,87,78,69
14,60,67,61
19,79,66,67
24,68,51,63
21,85,80,68
16,99,99,68
21,79,88,67
24,93,62,69
8,80,86,64
27,80,65,67
18,97,88,70
23,96,93,72
27,91,67,71
12,72,50,62
16,82,65,67
18,69,60,64
15,78,81,64
30,79,65,70
15,93,52,68
17,96,77,70
21,77,94,65
13,61,73,59
18,94,69,69
22,67,59,67
18,85,69,68
19,61,67,62
17,76,100,65
11,99,52,69
22,64,62,65
31,77,53,68
20,72,93,68
21,96,71,71
24,95,90,71
12,70,85,66
30,63,96,71
21,85,51,66
30,73,60,66
16,87,85,69
31,61,79,65
25,65,85,66
23,87,79,67
21,68,79,66
19,94,97,69
27,62,96,66
21,69,52,64
8,100,71,70
13,77,76,62
19,88,68,67
22,67,52,60
20,84,74,66
27,89,99,72
8,73,54,63
21,93,91,69
9,84,60,66
25,76,79,69
19,82,69,68
23,83,67,66
15,67,94,63
28,76,99,70
26,74,69,68
24,76,82,68
19,90,78,67
23,79,54,67
16,98,52,69
25,72,89,68
30,77,70,67
26,91,65,70
16,82,99,70
22,82,54,66
12,62,63,61
23,76,93,68
23,71,71,64
9,100,79,66
13,72,52,65
18,95,96,73
18,87,57,66
13,74,61,65
22,82,58,68
22,94,75,69
19,95,91,72
15,66,63,63
26,74,57,65
30,73,70,69
17,62,99,62
16,84,51,66
23,94,75,69
18,75,83,67
19,90,90,94
24,85,87,71
9,75,54,61
28,66,73,68
20,88,54,66
18,94,81,71
19,87,54,66
20,61,52,60
10,69,65,60
29,63,97,66
20,83,85,67
23,90,50,67
26,64,64,64
14,94,51,66
23,82,65,68
18,88,84,70
25,99,88,75
7,63,90,86
19,96,95,73
16,65,68,61
23,76,93,68
23,94,86,70
16,96,77,71
16,80,98,71
19,84,97,68
15,88,95,70
25,93,60,70
18,65,60,62
3,92,95,67
18,79,70,68
14,78,90,68
10,77,84,64
13,80,88,68
21,98,51,69
28,82,71,70
22,98,93,73
16,67,74,66
23,89,85,68
17,92,88,68
16,87,56,65
13,84,58,66
9,83,86,62
18,94,53,67
21,93,67,73
19,65,96,65
18,94,79,70
14,77,96,68
24,70,65,67
12,95,82,66
25,77,64,65
14,92,56,66
15,71,100,66
11,60,59,60
17,80,59,66
26,64,92,68
23,90,90,72
26,71,99,68
23,78,54,67
13,63,55,62
18,71,72,66
15,91,80,69
28,66,52,64
13,86,58,63
25,97,85,74
25,87,83,72
31,92,54,71
18,64,97,64
24,70,63,65
34,96,94,75
16,89,96,69
11,86,75,65
9,87,71,60
24,77,64,69
9,62,90,65
18,91,60,67
23,87,81,70
21,79,78,66
23,96,62,69
21,73,99,69
28,72,92,68
14,95,51,70
16,92,71,66
15,81,68,65
25,65,94,65
25,69,63,65
23,86,100,69
27,75,60,69
13,93,62,65
30,98,83,76
29,92,58,72
24,75,94,67
31,92,55,74
10,74,99,66
17,67,94,66
16,61,92,66
24,75,70,71
14,96,76,66
25,70,73,65
28,68,99,69
24,99,52,69
22,61,69,63
14,91,98,68
15,73,68,64
27,61,70,64
25,97,82,73
20,66,95,66
17,82,65,67
8,71,97,63
14,63,64,61
31,62,91,71
12,65,64,61
21,63,54,62
26,90,91,74
12,79,73,65
21,74,70,64
26,77,71,66
20,97,81,72
37,96,63,76
10,89,62,67
26,95,74,71
19,73,52,65
25,75,82,68
23,85,91,68
16,85,86,67
21,79,73,64
9,76,78,60
24,99,51,70
22,93,96,73
24,77,78,69
26,89,66,70
22,71,65,64
21,64,83,64
15,74,79,65
16,76,59,62
27,61,70,64
29,93,84,72
19,74,65,64
20,83,75,67
15,63,63,64
27,67,54,61
24,96,69,72
32,84,87,70
15,98,61,70
18,100,88,71
21,75,83,68
24,72,75,68
19,94,99,70
15,100,94,73
25,85,78,69
24,92,78,71
15,91,64,64
28,74,96,68
27,83,95,69
21,93,87,70
20,88,56,67
23,61,85,66
15,73,63,65
20,66,59,66
7,69,88,61
25,96,98,71
11,61,55,60
29,69,58,66
18,72,61,61
19,85,98,68
16,81,85,68
18,69,84,65
29,67,75,65
5,69,77,60
28,80,65,67
22,71,58,65
13,98,89,70
14,79,74,64
30,62,63,68
14,89,82,69
13,73,60,65
27,86,74,71
22,71,60,65
14,83,88,65
21,91,66,68
14,97,72,66
27,70,88,65
26,73,83,71
23,79,70,68
22,97,54,70
31,96,96,74
20,64,50,62
13,65,87,61
23,80,97,70
33,64,65,65
14,74,54,62
18,66,62,65
22,85,66,68
20,98,73,70
14,100,76,68
27,75,86,69
34,84,95,73
21,94,73,71
15,65,87,63
11,88,56,66
22,76,66,67
27,68,56,64
23,76,85,66
20,63,95,69
16,88,94,72
13,70,66,63
25,72,62,67
25,65,64,64
11,95,64,68
30,80,54,71
23,83,57,67
28,83,61,67
12,76,50,64
12,68,52,63
19,90,85,72
23,65,81,63
31,64,97,67
24,88,70,68
19,68,72,64
14,72,53,65
27,79,58,68
14,78,85,66
30,88,62,73
18,85,89,68
30,86,85,72
24,89,87,70
19,72,85,66
17,73,85,66
18,78,77,66
23,72,84,65
20,99,76,71
16,93,60,66
19,67,61,63
20,60,70,63
7,62,51,58
23,70,94,68
14,65,63,61
13,81,53,65
10,94,71,67
9,89,91,67
12,69,70,62
16,76,63,86
32,80,77,71
17,92,79,70
21,94,88,71
22,96,90,71
21,80,85,70
20,88,50,67
13,64,50,60
29,83,99,73
31,70,63,67
10,77,64,62
14,85,87,67
18,70,79,65
14,62,73,61
23,60,56,61
16,61,54,60
33,60,85,68
27,64,56,65
21,70,72,67
26,69,87,67
27,99,96,74
17,72,94,64
15,65,93,64
20,82,68,67
25,94,96,74
21,87,84,69
11,72,94,62
15,82,54,66
20,89,52,69
20,89,71,68
32,87,91,74
12,95,70,68
23,95,94,73
29,83,62,70
34,77,52,69
18,86,88,68
23,93,81,71
23,60,72,64
21,100,92,71
19,67,91,65
23,79,66,68
5,95,92,67
24,69,67,67
21,79,81,67
19,65,60,63
32,76,63,68
16,67,72,66
18,75,66,67
32,75,56,68
15,100,74,72
17,100,76,70
19,65,58,62
25,89,59,69
21,62,51,61
12,61,52,58
17,64,68,63
16,99,57,71
20,98,96,70
23,68,60,64
23,66,53,63
9,70,70,63
26,81,60,71
22,83,53,65
28,69,88,68
23,90,78,70
27,72,53,68
23,97,73,69
28,86,52,70
23,77,68,67
19,92,68,69
34,93,91,73
25,72,87,68
23,74,95,67
12,97,57,67
12,67,77,64
22,62,51,63
21,78,91,67
16,92,68,70
21,91,53,71
30,97,66,74
24,81,64,70
13,64,88,59
19,84,56,64
15,91,78,67
18,64,90,63
18,67,87,66
17,60,97,62
12,84,50,65
19,95,68,73
17,87,68,70
2,99,52,62
32,63,91,68
27,96,84,74
18,93,76,96
20,73,70,66
13,99,95,69
30,72,63,70
31,96,67,73
21,95,98,69
26,90,53,71
21,83,89,65
12,65,86,62
18,81,95,69
21,74,55,65
17,92,99,68
19,90,51,65
19,96,67,72
20,61,54,67
20,92,53,68
14,98,98,68
16,92,86,66
12,65,75,62
26,63,55,65
7,61,76,60
27,85,66,70
28,85,64,68
18,99,81,72
4,76,90,63
18,73,72,63
20,85,75,67
14,93,83,68
17,97,56,69
29,92,91,75
24,77,92,67
14,85,77,69
10,94,59,65
18,80,75,65
19,69,55,63
23,67,88,65
17,60,66,58
23,89,66,70
32,64,97,66
25,70,71,63
20,72,89,62
19,82,82,69
18,76,66,66
27,87,56,68
16,62,90,62
20,65,88,64
20,80,58,65
17,73,62,64
12,72,88,65
22,63,99,65
20,96,92,70
23,88,84,71
17,65,96,65
27,63,64,67
15,99,50,68
30,87,66,73
10,77,99,64
23,88,94,71
23,90,53,70
15,91,75,68
23,79,54,68
28,77,89,68
7,60,69,59
23,97,96,74
5,84,53,62
14,68,87,64
30,97,70,76
17,97,63,70
13,100,76,69
19,95,74,69
32,100,67,74
9,70,82,62
14,94,83,70
29,93,54,71
31,69,80,68
19,64,86,66
13,99,54,67
33,72,83,71
30,95,90,74
24,60,92,65
15,61,52,60
20,79,85,69
19,70,90,65
22,88,70,69
29,83,77,70
25,63,63,65
14,67,66,57
28,76,75,68
22,67,58,67
24,92,69,70
29,77,65,68
13,64,62,62
20,79,74,67
17,64,92,66
11,65,62,60
22,70,83,65
35,94,63,75
9,97,57,67
20,93,97,71
24,73,82,63
21,71,55,67
19,82,82,68
12,89,59,65
21,100,94,72
15,65,62,61
7,62,90,60
27,88,60,72
26,93,78,72
20,94,96,70
21,87,65,67
26,98,54,71
21,80,78,66
25,97,59,72
18,99,86,70
28,94,80,71
22,72,67,64
21,68,85,66
12,82,62,64
22,78,96,67
15,95,67,67
16,64,88,64
15,70,63,61
14,90,86,99
33,64,52,67
28,73,65,72
32,75,55,66
13,85,73,68
20,66,72,64
12,94,68,69
16,78,99,65
14,97,62,66
27,79,90,73
18,71,72,63
26,66,67,66
24,60,60,65
34,81,82,71
11,64,67,58
28,76,91,68
27,84,98,69
14,71,61,63
26,67,56,66
22,91,66,69
19,98,73,69
15,64,65,63
16,66,99,65
32,98,89,76
20,62,98,67
25,99,69,70
15,60,65,60
15,95,70,68
26,72,76,68
12,98,87,70
18,73,94,68
20,86,73,69
21,63,64,62
19,70,66,64
22,91,85,71
24,81,78,68
24,97,74,72
14,77,60,64
18,95,94,73
27,78,89,69
25,99,57,70
12,98,68,69
22,73,77,64
8,95,73,66
20,94,70,69
31,68,86,68
14,85,53,65
15,63,74,62
25,93,63,75
11,67,54,60
16,63,73,63
24,76,59,66
16,83,63,67
19,94,75,68
24,99,99,72
23,78,84,66
22,62,64,63
18,90,69,71
22,83,70,67
19,78,58,66
23,72,58,66
17,80,57,68
19,74,76,66
14,90,84,68
20,82,80,68
15,95,99,68
13,82,56,66
22,70,99,66
21,94,73,70
25,82,61,68
17,68,97,65
22,85,73,70
23,74,67,66
23,94,61,68
15,78,63,64
21,89,99,69
22,64,65,65
20,76,99,69
7,99,67,66
21,92,62,68
33,66,59,70
18,71,71,65
16,73,62,65
22,86,85,68
22,90,62,67
27,90,92,72
12,80,92,70
24,92,64,72
24,77,88,71
19,65,93,64
22,83,80,69
26,98,68,73
25,92,72,70
13,83,89,68
25,86,65,71
20,97,67,71
20,77,58,66
20,73,70,68
19,99,54,70
27,95,66,72
19,73,69,66
13,79,63,65
18,77,55,66
21,66,76,65
27,98,93,72
24,76,67,68
15,95,62,68
35,68,64,67
22,82,93,68
28,61,76,67
19,91,57,69
23,83,85,65
25,85,58,70
27,62,53,64
26,68,63,66
25,63,58,64
18,72,80,66
17,85,74,67
22,83,86,68
26,84,76,71
19,82,71,67
26,71,76,69
29,70,72,67
15,65,52,61
15,94,84,68
19,85,98,67
22,67,71,64
17,67,71,63
28,95,52,72
23,90,95,69
20,86,96,66
11,76,91,64
12,70,55,61
22,99,95,71
7,92,51,63
26,72,72,65
19,94,75,71
39,90,92,78
34,72,88,73
19,77,90,65
19,67,93,66
26,64,74,66
30,89,89,74
10,71,53,62
9,93,72,66
16,100,52,71
23,63,96,67
23,79,98,69
26,92,54,72
13,92,77,72
6,90,66,65
25,74,67,71
15,78,73,64
8,84,56,61
21,99,59,69
25,73,79,65
19,97,51,69
17,71,80,64
19,100,66,69
18,87,92,68
12,79,80,63
16,85,85,66
23,71,56,65
22,71,63,66
21,65,100,67
14,65,72,62
19,74,68,66
7,91,94,68
21,84,52,68
29,64,77,63
11,94,61,66
16,84,68,65
22,98,60,72
28,87,52,70
17,67,71,63
16,79,89,65
8,86,98,65
21,61,81,66
32,61,69,68
22,65,88,64
20,70,75,66
22,77,68,68
20,79,59,64
15,66,90,62
25,87,75,67
21,84,98,67
20,72,90,65
14,61,71,59
28,63,87,66
24,76,73,68
17,66,54,63
26,75,76,68
17,85,93,68
15,82,93,66
15,69,79,63
9,74,69,61
23,85,51,68
9,94,66,66
13,90,99,69
8,82,86,64
19,74,86,68
19,75,88,66
18,95,81,68
14,62,79,62
13,100,73,68
23,87,72,69
17,87,94,70
22,62,70,65
15,84,92,68
21,79,92,67
28,64,89,64
24,71,52,63
18,96,57,67
22,82,66,66
19,77,92,67
20,63,94,63
18,89,52,69
19,88,66,70
21,85,93,70
14,80,62,65
14,77,99,64
12,84,74,67
10,69,97,61
13,98,71,70
21,84,66,68
15,72,68,64
23,78,94,68
20,92,67,68
8,66,83,63
24,72,73,65
25,87,97,69
14,73,58,63
23,92,71,69
15,65,56,61
21,91,79,69
12,63,70,62
9,61,53,58
18,96,92,71
19,83,69,69
18,74,75,68
13,69,70,61
18,85,74,67
22,80,51,68
20,100,91,72
21,99,67,71
16,85,86,67
27,78,53,68
13,80,76,64
23,87,95,73
27,64,70,65
23,73,60,67
19,63,55,63
17,63,93,63
26,68,62,69
11,79,99,68
14,91,62,68
18,79,74,69
27,73,73,73
22,63,53,66
14,82,77,68
18,71,84,65
16,85,87,67
16,99,76,70
26,64,91,66
12,68,88,64
30,79,60,69
25,99,70,71
27,91,57,68
17,96,57,68
19,73,86,66
11,100,77,70
17,64,80,65
23,62,87,63
28,94,64,70
13,97,70,67
18,64,80,63
19,65,55,64
12,61,92,60
24,64,67,62
16,68,83,65
19,99,100,69
17,87,74,68
15,91,61,66
20,91,61,72
19,81,53,68
18,92,88,69
16,84,65,65
22,73,59,65
30,82,86,70
21,81,65,67
26,93,80,73
12,99,71,70
21,76,67,66
13,91,74,68
11,64,66,61
16,91,94,70
27,75,54,66
26,62,52,67
21,75,70,69
11,84,59,64
19,65,87,65
22,97,68,75
21,63,63,63
9,97,68,69
15,88,61,68
20,73,65,66
23,76,78,66
7,90,93,66
19,84,69,68
21,87,66,65
25,76,89,70
24,80,51,68
23,100,65,70
15,69,73,61
9,77,80,61
18,72,58,64
26,91,72,71
28,91,78,72
24,72,76,66
23,63,79,63
22,60,83,62
17,77,69,65
19,76,53,66
30,100,53,72
14,79,93,68
30,70,84,70
18,96,88,70
28,80,96,73
12,84,88,67
24,64,85,65
16,75,83,65
12,98,63,65
21,84,98,70
26,74,77,66
15,85,61,65
11,96,60,68
19,71,91,66
19,80,63,65
23,98,52,71
26,67,71,65
20,89,91,70
31,85,71,69
21,87,90,71
18,74,91,67
10,73,93,64
18,87,79,82
18,69,85,66
26,77,63,66
23,68,55,65
13,60,77,61
21,99,51,72
24,77,73,70
29,99,55,71
25,66,55,84
25,83,94,72
20,68,82,67
22,92,82,72
27,91,70,70
12,65,71,62
18,96,65,71
15,68,72,62
22,85,79,68
27,99,59,74
16,95,63,68
6,98,75,64
18,74,69,65
25,64,91,66
23,68,91,68
23,80,67,67
18,92,73,67
12,66,99,63
23,86,91,71
15,73,61,63
33,74,64,66
23,86,54,67
17,79,84,66
16,92,66,70
19,66,77,64
19,92,88,71
27,63,92,68
21,68,66,64
16,86,62,66
31,94,92,72
20,70,69,66
25,73,91,70
16,81,57,66
22,68,96,68
22,92,74,70
9,91,59,64
32,66,77,71
28,79,94,72
18,91,69,71
13,73,59,63
22,85,79,68
21,62,92,63
22,84,56,66
21,66,52,63
23,93,53,72
29,74,62,70
23,71,50,65
14,94,71,67
28,62,85,66
30,76,86,69
39,75,82,73
13,71,65,66
21,96,87,70
8,90,79,68
23,63,93,65
17,89,74,67
32,81,59,71
15,96,82,70
10,73,58,61
17,83,98,69
8,80,85,63
25,80,88,67
8,78,84,65
20,68,55,63
8,90,73,67
18,78,83,66
30,98,61,72
22,70,84,68
15,87,91,67
20,98,64,72
20,87,60,66
23,95,94,73
12,93,50,71
24,74,63,65
4,84,70,65
16,66,84,65
17,81,100,68
24,69,69,70
20,90,97,68
12,81,68,62
14,76,85,66
21,71,58,65
20,100,73,71
17,63,94,61
17,62,66,63
24,69,55,67
17,99,76,70
19,99,72,73
33,86,61,72
11,95,95,69
9,69,80,61
25,99,67,71
16,66,100,64
18,64,57,61
15,64,92,63
18,83,62,65
30,91,62,73
25,75,75,68
25,99,83,72
12,77,85,62
13,66,51,63
3,79,64,58
15,87,83,68
26,93,94,74
23,78,83,68
19,84,63,67
20,71,75,65
16,86,82,63
21,99,57,71
25,62,77,62
10,95,74,66
22,82,67,65
26,70,81,66
18,98,82,71
24,79,99,68
37,73,71,72
19,67,77,66
22,70,58,66
16,93,77,67
21,85,52,71
23,97,57,72
21,69,59,64
14,65,82,60
21,60,78,64
29,80,90,70
23,100,73,72
26,88,74,68
19,72,58,62
24,95,87,68
22,91,50,72
14,61,71,60
22,93,59,72
14,72,89,65
16,66,84,63
21,69,85,66
22,79,57,65
13,77,83,65
26,72,85,67
23,67,50,65
16,90,66,67
11,100,54,66
19,91,84,71
17,72,61,64
21,70,63,61
18,69,54,65
8,65,74,61
18,82,52,64
18,84,92,69
24,88,51,71
16,87,53,70
30,72,82,70
9,73,96,62
28,87,95,73
19,74,54,66
25,69,64,66
20,75,76,66
27,71,51,66
18,64,76,65
13,93,72,67
29,94,79,76
19,69,96,66
21,63,64,63
27,90,82,71
14,68,71,63
24,76,72,67
16,63,82,63
19,69,98,66
20,92,93,72
11,92,82,70
15,68,73,62
28,73,71,69
25,65,89,66
20,63,61,64
21,100,79,70
18,86,75,67
28,82,82,71
19,91,59,69
21,94,85,70
27,92,81,70
15,61,59,61
29,67,72,65
11,86,84,67
30,75,95,70
18,99,56,67
19,87,50,68
9,98,58,69
17,68,99,65
14,95,88,68
16,73,81,67
19,100,57,70
26,66,71,68
21,81,86,69
22,92,95,70
13,77,69,67
15,79,100,70
31,99,57,74
16,77,69,63
30,84,94,72
19,62,82,62
20,94,91,71
26,86,95,68
28,76,75,72
19,61,62,64
18,84,85,64
20,61,78,63
22,60,89,66
25,85,76,71
20,68,91,70
24,68,95,67
30,86,87,73
22,62,87,64
22,73,79,65
11,66,74,62
4,83,99,64
22,86,82,67
19,89,92,74
17,70,75,63
21,64,78,64
20,63,83,64
27,77,86,70
21,98,72,71
16,69,68,63
26,70,62,66
19,64,71,65
23,84,61,70
17,87,71,65
16,86,94,68
21,94,99,72
20,79,79,67
23,65,57,65
18,72,71,66
9,86,80,67
17,85,69,65
25,81,60,68
18,87,61,68
19,85,74,69
26,95,61,71
16,83,62,64
11,91,94,65
19,70,89,64
17,87,53,67
14,96,66,70
19,75,77,66
23,91,53,70
20,89,84,70
22,62,69,64
31,83,70,71
18,65,63,63
22,99,67,72
17,92,93,72
15,64,89,61
16,65,97,63
17,84,85,67
22,74,79,67
34,61,63,65
16,82,83,64
18,76,95,69
20,64,53,65
22,92,72,71
22,97,57,70
28,90,91,98
5,93,81,65
6,69,94,63
17,71,53,61
27,68,95,67
11,91,53,64
2,98,64,65
23,89,58,73
21,95,57,69
13,86,59,67
14,76,74,63
14,77,89,67
21,63,95,66
16,61,78,64
23,88,58,68
3,78,54,61
15,82,75,66
13,82,88,65
18,71,81,65
17,79,79,67
25,79,52,68
9,76,71,63
20,93,78,70
23,78,80,68
31,84,50,69
17,96,60,67
22,95,97,69
9,96,75,65
6,71,85,61
25,61,65,65
20,70,79,67
27,71,68,66
12,96,65,69
23,86,71,71
31,63,73,68
23,65,67,65
22,66,63,64
20,85,81,68
11,89,69,64
28,94,60,71
16,98,88,70
23,68,86,68
11,72,94,63
13,70,78,61
29,74,64,66
18,97,93,75
29,83,64,71
20,90,83,69
9,80,60,62
25,61,81,65
16,63,92,61
24,82,77,69
20,89,74,66
11,69,100,64
21,89,51,69
33,92,67,78
23,76,96,68
20,90,82,70
26,76,77,68
21,87,82,68
21,91,66,69
13,100,54,68
21,74,64,80
26,76,67,67
15,67,74,64
29,68,70,64
19,88,76,68
15,97,60,67
26,76,59,65
18,67,68,66
25,71,74,67
18,78,67,64
20,72,79,66
23,69,66,63
22,89,59,71
8,60,93,62
13,82,60,64
26,92,98,72
19,71,99,65
17,84,85,67
12,87,75,65
14,86,90,63
8,78,94,65
19,74,85,67
16,93,55,67
14,90,50,65
20,73,60,64
22,64,59,64
33,63,59,69
11,64,75,60
27,83,76,70
26,62,86,66
15,73,60,66
21,90,55,68
17,72,83,62
21,91,74,70
29,90,83,72
24,70,69,64
23,89,88,71
17,90,84,67
11,76,83,64
19,68,51,64
27,81,93,72
11,97,69,66
14,86,57,68
21,67,88,95
14,87,74,64
15,77,52,64
17,84,89,68
12,89,72,67
14,81,88,67
24,93,88,71
12,89,55,63
10,85,81,66
16,66,68,65
24,93,77,68
19,97,54,68
17,65,79,62
20,80,89,67
10,70,99,65
23,90,66,71
22,89,58,71
18,66,68,61
26,95,51,70
13,67,70,60
27,92,96,70
21,78,60,67
18,73,74,66
20,66,79,63
19,67,59,65
27,86,67,75
14,82,96,66
15,65,65,61
26,65,82,65
16,63,57,61
25,90,83,73
30,88,64,73
18,62,62,63
24,82,56,67
13,63,52,62
25,96,98,71
21,96,71,70
23,88,89,70
16,97,96,69
10,92,60,66
23,93,93,72
8,83,85,63
18,72,79,65
26,69,90,71
21,73,56,66
32,85,63,69
26,67,57,62
16,70,95,66
20,79,55,66
20,69,99,64
11,84,55,63
14,97,83,68
17,90,83,68
8,87,97,67
20,83,66,67
19,80,67,68
10,67,92,65
22,96,99,74
24,70,52,85
21,64,82,64
18,90,62,67
24,67,86,68
24,75,89,67
22,61,88,65
15,65,72,63
22,67,58,64
27,62,79,62
16,86,89,68
33,93,96,75
17,75,73,63
20,95,62,68
16,69,56,63
21,73,90,68
10,66,77,62
17,85,84,67
13,77,58,66
21,85,50,65
26,90,98,69
24,82,91,70
6,85,70,64
32,97,73,75
22,72,96,66
15,74,60,62
21,89,90,70
21,84,51,68
16,67,94,66
21,75,79,65
16,79,74,68
18,77,85,68
16,67,53,62
11,97,60,66
21,90,70,68
24,79,81,69
23,87,57,67
25,96,69,74
22,65,63,61
17,70,82,64
25,82,96,69
12,92,58,66
15,61,59,61
14,99,80,71
26,78,73,71
26,74,86,69
23,72,64,66
26,67,77,64
15,92,69,68
22,98,64,71
19,77,86,66
25,98,90,94
19,93,66,68
18,79,81,66
23,87,59,70
25,77,90,68
16,82,64,65
20,62,59,64
14,88,97,69
5,62,71,59
21,93,82,70
24,93,90,72
22,69,84,64
8,73,78,63
18,79,69,67
7,84,96,62
28,71,57,69
13,84,94,66
28,72,85,66
26,62,79,63
15,60,66,62
13,64,57,58
22,92,72,67
15,98,89,68
21,77,87,67
17,81,82,67
9,66,100,62
7,82,99,66
21,66,70,65
17,84,60,67
17,97,73,69
24,68,92,67
27,91,73,69
18,61,67,62
18,75,87,67
23,64,83,63
12,74,98,65
21,67,77,66
23,75,98,71
24,77,65,70
8,72,93,68
15,86,68,67
15,97,90,71
21,76,96,65
23,68,81,64
29,71,86,69
17,94,98,68
17,83,69,67
27,78,76,71
22,66,95,64
28,78,84,69
22,71,94,68
13,98,81,69
12,95,87,67
11,63,51,58
24,81,67,66
27,69,89,69
31,76,70,70
25,95,68,70
27,81,98,70
17,73,78,66
13,68,60,61
25,92,74,71
23,85,76,69
21,79,99,69
22,69,86,65
22,73,76,69
28,98,72,74
28,81,96,71
23,76,82,68
25,81,68,69
23,91,73,68
17,74,64,63
25,67,98,68
12,83,85,67
26,87,70,71
13,89,59,66
22,95,59,69
15,75,74,68
23,63,73,63
20,98,71,69
10,77,93,66
23,85,99,71
17,87,68,68
25,82,65,69
20,68,89,65
22,90,72,68
14,92,61,67
16,82,59,65
17,80,64,65
25,65,50,64
30,63,97,69
15,74,72,64
26,72,54,66
7,98,58,65
13,91,66,69
14,86,78,66
12,81,85,64
10,67,65,61
22,99,98,72
19,75,88,67
22,64,91,63
24,80,66,69
22,95,69,70
24,95,77,71
20,60,73,60
13,95,63,70
26,71,100,69
16,62,92,63
14,94,62,69
19,95,95,71
15,84,79,68
17,83,51,64
22,93,67,68
22,91,51,69
15,96,54,65
17,82,59,68
26,99,74,74
23,100,69,72
32,65,57,67
27,94,70,73
27,80,65,68
12,76,71,61
25,85,59,70
20,62,80,62
17,80,52,67
21,95,69,69
26,69,95,93
23,77,71,68
15,98,72,69
24,77,53,68
16,74,80,64
21,78,97,69
18,81,65,66
19,85,70,68
25,92,79,72
14,78,55,63
32,93,98,73
9,81,73,65
16,74,56,65
22,86,67,68
24,89,69,70
19,82,67,65
20,62,85,66
22,67,67,66
19,71,66,65
28,71,66,69
25,87,89,69
25,61,65,64
14,90,51,66
20,71,68,63
18,72,64,68
14,81,95,68
22,69,74,65
17,95,62,69
24,63,99,66
14,78,62,63
30,94,88,72
15,85,82,67
21,72,73,67
25,77,70,68
17,88,94,71
25,99,74,73
13,96,69,68
29,74,68,69
20,100,64,69
16,60,70,63
18,61,56,62
25,93,53,70
16,68,77,66
16,62,73,62
19,69,59,64
13,77,55,63
31,89,57,71
17,85,66,67
25,70,73,67
21,80,60,67
14,97,88,71
20,93,60,69
25,73,56,93
19,99,100,72
27,88,72,71
26,62,59,63
26,61,95,65
17,67,62,61
14,89,96,66
16,67,56,61
21,80,92,67
23,64,59,64
7,97,97,69
20,74,79,64
21,96,59,70
18,98,92,73
28,60,70,63
23,79,87,68
28,61,82,64
19,96,86,69
26,81,67,69
30,63,97,67
28,64,78,69
13,75,54,62
18,98,53,66
18,88,87,68
23,95,92,71
24,75,85,66
15,62,64,62
20,99,61,68
8,61,78,59
29,98,60,70
17,75,69,66
20,60,81,65
18,88,64,66
27,99,69,73
3,99,68,65
20,66,73,65
19,67,84,64
17,83,89,69
30,85,83,74
15,90,51,68
25,67,95,65
22,98,79,72
28,86,96,71
16,94,98,69
16,82,73,67
27,77,96,71
23,99,68,68
11,83,63,63
17,95,54,69
22,98,73,68
25,87,84,73
16,82,99,69
3,60,76,58
23,62,87,65
13,68,95,63
8,67,77,59
3,70,58,58
25,72,92,66
21,74,79,67
19,77,88,67
28,64,83,67
24,62,53,65
30,87,58,71
12,81,64,66
20,78,64,68
10,85,92,65
19,93,80,71
19,77,54,64
24,86,69,72
20,98,78,69
24,94,63,70
24,77,52,66
33,86,69,70
18,67,73,62
14,82,95,66
21,99,95,70
15,81,75,63
29,97,74,73
18,76,82,70
17,100,63,71
17,83,64,65
24,62,50,64
19,83,54,66
16,71,59,82
30,61,82,68
15,93,61,67
20,71,56,68
24,92,81,69
10,72,83,63
23,68,53,66
14,99,89,68
25,74,80,71
14,84,70,69
24,84,99,70
27,82,51,70
25,97,77,73
22,87,58,68
19,76,66,65
17,94,57,72
29,67,83,67
16,82,70,68
14,98,99,69
24,85,83,70
15,93,96,69
14,86,62,68
11,94,66,65
17,98,68,70
20,71,92,65
21,67,61,61
26,79,97,69
23,88,52,67
19,69,94,65
19,60,73,63
23,74,76,67
28,99,100,76
21,88,94,70
17,76,95,67
14,68,79,66
11,74,98,65
24,67,84,65
23,64,91,63
23,96,86,74
19,100,89,72
28,67,82,68
17,62,86,62
26,73,72,65
20,78,85,69
16,68,64,61
24,72,82,67
22,68,76,66
22,91,95,70
20,89,84,72
20,85,80,69
34,75,66,68
27,96,93,74
24,99,53,70
21,67,95,67
26,69,83,68
23,81,59,69
20,64,95,66
18,77,66,66
20,83,58,68
1,81,66,60
21,73,98,69
17,82,88,66
30,98,96,77
20,68,65,63
13,86,54,66
20,62,78,64
14,63,74,63
23,82,86,68
22,64,77,65
26,61,70,65
15,67,50,64
20,83,73,68
12,88,56,62
24,68,96,67
23,87,96,73
23,67,90,69
20,85,58,65
22,76,57,66
30,86,78,73
18,100,86,72
21,98,95,72
13,60,95,61
15,95,58,69
21,63,100,66
27,98,58,74
18,71,92,64
19,75,79,66
18,64,84,64
17,64,80,66
22,89,93,72
11,98,82,71
28,84,92,70
16,89,58,67
24,90,93,71
12,71,100,63
24,62,83,64
24,60,99,64
22,74,61,65
14,70,91,65
21,62,58,62
13,67,76,65
18,65,83,64
26,97,83,74
25,66,84,67
20,82,66,66
14,84,99,70
24,82,50,68
20,64,81,64
6,73,93,58
25,62,95,65
20,76,86,68
27,68,79,64
13,82,73,66
1,88,72,92
22,81,71,69
22,77,85,68
10,75,87,63
14,94,76,64
37,69,87,68
18,89,76,67
24,90,55,68
16,77,93,66
7,72,94,66
19,79,63,68
18,64,89,64
18,62,76,63
19,64,56,62
22,67,70,66
19,80,54,65
12,94,89,66
23,69,60,66
8,97,58,69
8,98,60,67
24,98,61,75
23,94,84,73
20,75,82,66
12,63,56,61
16,83,86,68
18,82,67,67
10,94,73,66
16,100,56,69
24,80,85,69
29,74,69,67
17,67,82,65
25,60,71,63
9,80,52,63
24,82,85,66
15,93,78,66
22,80,72,69
19,97,60,72
28,85,81,70
15,94,64,68
24,66,71,66
18,94,53,67
19,87,89,68
19,67,55,62
15,68,95,64
20,97,93,71
20,61,99,65
21,79,95,69
21,73,99,65
25,87,94,71
26,94,56,69
14,74,72,65
25,77,54,66
13,99,77,68
24,91,76,72
24,96,96,74
9,78,98,64
21,69,63,64
17,76,79,63
15,89,73,66
28,64,77,67
16,71,77,64
15,62,96,62
20,77,95,66
24,93,56,71
19,61,67,63
27,87,88,72
23,97,84,71
7,69,82,61
17,88,100,71
17,99,67,69
23,98,76,74
4,69,99,61
35,64,85,68
23,66,82,67
21,88,58,70
27,89,62,69
34,87,69,72
25,73,73,66
26,67,75,67
21,83,95,70
19,79,55,68
17,89,62,68
15,78,57,65
16,74,87,63
12,72,99,62
20,68,95,66
10,71,86,62
21,64,51,61
20,74,67,63
21,61,93,65
17,67,83,64
38,90,60,74
28,73,73,70
13,87,54,63
21,89,76,68
16,83,95,69
14,98,52,70
12,61,81,62
23,90,62,71
16,98,100,69
26,94,53,69
26,67,81,68
28,73,63,65
15,67,94,65
23,84,56,65
24,88,71,72
17,73,59,63
15,82,90,68
30,88,68,72
21,77,59,66
24,94,86,71
15,91,91,67
13,63,73,61
17,85,69,70
19,69,82,64
14,82,83,64
20,98,83,68
10,95,64,70
13,76,97,65
24,72,61,67
24,69,69,65
18,81,64,65
14,65,97,65
14,82,91,66
18,60,91,62
24,73,50,63
26,69,84,63
17,99,62,70
13,89,98,67
22,74,77,66
15,64,78,63
17,81,68,66
28,69,77,67
25,81,87,68
21,93,78,67
12,85,82,66
21,85,74,71
26,82,86,69
18,97,95,72
28,97,53,70
28,81,55,68
30,72,84,68
22,78,69,67
24,67,64,62
28,85,59,67
23,80,79,69
17,64,67,64
17,68,75,66
21,79,98,69
12,96,88,70
19,83,90,69
27,87,56,72
7,74,66,61
29,83,55,68
27,78,98,68
17,86,84,66
23,62,51,65
20,80,74,66
27,72,63,67
26,73,77,68
12,98,59,67
24,67,53,63
19,72,66,64
20,80,65,66
16,95,86,69
30,77,74,70
26,90,65,72
16,94,79,71
12,72,54,63
18,76,83,68
23,74,57,67
21,93,64,69
28,62,64,65
25,72,73,69
26,87,98,71
22,83,66,67
12,77,64,64
19,82,58,68
26,68,70,67
20,77,59,62
23,80,57,68
18,96,93,72
14,70,53,61
19,95,86,67
22,86,60,70
16,61,51,59
19,89,90,70
14,61,85,60
27,100,67,74
18,95,54,68
29,72,68,67
29,70,59,67
20,75,97,66
14,74,76,63
7,75,98,62
11,73,68,64
12,85,78,68
28,67,60,65
21,94,90,71
22,92,52,68
7,79,85,62
13,94,70,68
25,70,79,68
22,61,80,67
19,85,86,67
23,78,60,70
30,83,77,69
19,96,71,70
20,99,64,69
21,85,75,70
34,91,98,72
7,63,97,59
24,66,64,64
19,89,94,72
23,77,94,70
16,78,62,63
20,72,80,66
24,84,93,72
39,67,76,71
25,85,68,71
15,67,83,62
17,63,59,62
17,73,58,64
9,69,92,65
18,96,52,68
24,62,90,67
12,67,65,61
26,82,74,68
23,79,77,68
16,62,88,62
19,60,94,62
30,100,90,74
24,86,79,68
20,75,67,66
19,79,76,67
20,71,52,65
17,74,62,66
7,86,68,67
32,95,66,76
21,67,55,66
22,94,53,68
20,65,71,63
16,69,54,65
19,61,64,63
10,66,74,59
34,97,60,74
13,78,54,62
14,63,72,59
17,98,72,71
28,95,96,73
20,90,56,68
13,97,81,68
28,69,66,66
24,93,56,69
23,88,70,70
24,95,71,74
34,92,68,75
33,74,88,71
16,91,92,71
30,70,57,65
22,73,58,65
23,64,71,65
10,97,66,67
19,72,91,67
15,81,100,67
25,76,59,71
26,98,88,72
8,73,80,62
20,91,82,70
27,94,63,72
19,77,55,64
24,75,77,66
22,90,81,69
22,97,98,71
18,90,84,68
13,69,72,63
13,96,100,71
24,76,69,65
20,83,58,66
19,93,81,68
17,68,63,61
18,91,96,71
26,84,71,70
18,96,57,66
12,67,57,61
24,77,82,67
19,93,68,72
20,61,68,65
30,64,81,68
20,100,61,70
22,71,57,63
13,99,83,69
19,67,50,62
24,74,95,71
11,90,59,64
21,86,72,69
21,83,61,71
20,81,61,63
26,94,92,72
22,69,79,66
29,78,66,69
14,66,63,60
21,84,61,68
21,70,78,65
14,73,87,67
26,79,63,66
34,61,67,68
20,64,86,63
23,87,87,73
21,77,60,66
16,95,69,67
9,88,93,66
16,60,87,60
12,85,58,67
30,64,69,67
19,91,99,70
18,100,76,69
25,81,86,68
13,87,55,67
15,69,92,63
20,78,80,70
26,94,59,71
23,67,69,67
21,71,54,64
20,78,89,66
22,88,87,70
21,75,75,65
14,97,73,68
20,64,73,65
14,75,52,65
20,88,68,69
17,69,56,63
35,86,59,70
20,67,98,64
12,62,63,62
19,65,74,66
23,97,94,73
30,82,71,72
16,92,76,68
11,73,58,62
25,84,64,67
12,80,75,62
17,98,68,72
18,90,52,67
20,89,70,68
24,62,91,65
16,82,56,79
18,79,51,66
20,97,56,68
21,70,84,65
21,71,90,67
23,76,52,67
25,70,94,67
22,65,81,68
23,94,76,72
11,82,63,65
20,94,69,65
23,93,97,70
24,71,96,67
16,82,81,68
16,63,79,63
17,97,61,68
23,76,98,69
26,76,88,66
18,72,69,64
25,78,91,69
21,70,61,62
19,75,61,65
19,92,90,70
24,93,78,72
22,72,78,66
34,79,79,70
15,95,56,67
23,62,67,65
17,96,79,68
15,69,62,62
20,87,75,68
21,83,78,69
38,82,97,72
19,94,62,65
13,64,72,63
22,74,99,68
8,82,59,62
19,92,89,69
20,69,59,65
25,92,93,74
26,76,74,70
17,68,99,65
19,90,59,70
15,64,84,59
13,81,85,63
22,63,86,64
12,74,55,63
18,84,64,67
14,82,67,65
23,76,66,67
31,77,84,73
12,69,53,64
9,78,87,65
19,98,76,72
20,94,59,72
21,66,61,66
17,61,55,62
19,97,73,68
22,81,80,67
26,82,79,69
8,91,98,67
18,73,65,63
21,79,88,65
14,99,86,71
30,87,53,70
16,66,97,68
20,65,97,65
23,68,70,68
16,91,71,69
9,72,91,62
17,61,75,62
26,98,90,72
18,67,52,64
15,60,63,58
26,69,55,66
18,69,73,64
17,77,93,68
21,97,78,69
25,95,76,71
34,78,68,71
25,76,53,67
27,82,88,71
17,70,79,64
14,62,97,62
20,98,72,70
21,67,70,63
14,68,99,66
19,79,57,65
22,80,63,69
22,61,74,63
23,66,76,64
22,75,77,66
17,87,61,67
17,69,96,66
13,77,85,65
31,82,63,72
20,96,65,70
19,73,94,67
14,65,69,64
38,80,78,72
14,90,56,65
17,64,63,62
22,77,71,67
24,61,83,64
26,61,64,63
31,79,98,72
23,72,61,66
14,94,89,70
18,84,68,66
22,78,92,70
32,76,96,67
12,80,59,64
27,62,75,67
21,96,58,72
25,100,85,72
19,67,92,68
15,65,69,64
25,66,70,66
24,86,60,68
26,86,65,66
20,94,66,70
16,90,58,70
11,78,65,62
25,85,95,69
23,88,66,69
14,81,64,66
17,79,69,68
17,86,98,71
11,82,88,64
15,86,60,67
13,85,88,68
18,89,88,67
16,86,98,68
10,81,95,69
32,87,55,71
28,78,73,68
15,70,85,65
22,60,99,63
23,82,54,65
27,84,68,72
15,99,75,67
27,74,71,69
17,76,73,67
12,68,68,64
24,63,99,62
28,91,90,71
36,70,87,70
13,84,71,64
24,88,94,69
18,79,55,65
25,95,57,73
11,78,98,64
12,71,78,64
15,96,58,70
20,94,97,70
16,67,99,64
24,61,94,64
26,64,62,66
24,71,64,66
30,99,70,74
22,82,79,69
13,75,100,67
28,96,98,73
16,78,96,66
25,73,54,67
29,98,88,75
23,94,94,73
11,94,67,67
14,80,61,65
28,92,87,71
19,67,55,63
20,83,97,68
25,99,58,72
24,72,73,67
22,92,99,71
19,80,99,67
18,62,89,66
25,91,92,72
23,67,98,64
18,85,96,68
26,63,81,65
19,98,87,74
15,72,80,65
15,69,75,63
14,65,94,65
18,98,87,70
27,88,93,71
15,90,55,66
21,80,79,69
16,79,66,67
18,64,76,64
11,82,81,67
19,70,92,67
19,99,52,70
23,92,58,71
21,77,96,68
13,66,98,65
27,91,53,70
21,65,67,64
21,68,50,67
20,68,88,63
17,82,84,65
21,91,78,70
23,73,85,67
10,63,77,60
17,79,62,64
18,90,88,65
22,69,89,64
27,69,93,67
15,98,98,71
17,98,87,69
17,100,53,70
15,92,51,69
18,68,87,69
25,68,53,64
14,74,66,63
23,73,57,67
10,98,98,66
17,92,66,69
18,89,53,69
30,67,97,69
18,96,80,72
7,93,52,65
8,67,92,63
20,95,58,69
24,71,90,69
22,63,80,64
21,86,59,69
27,86,88,72
17,64,73,62
25,73,82,66
10,100,93,65
15,87,63,69
9,89,68,65
18,69,100,67
20,63,75,63
21,71,78,66
20,70,64,61
14,69,71,64
19,68,75,64
11,83,63,65
28,73,62,68
18,93,80,69
17,67,59,61
30,79,78,72
13,61,85,61
13,79,60,66
13,62,87,60
20,99,68,69
23,92,100,72
24,80,99,69
35,63,90,71
7,84,67,64
24,90,97,71
17,68,100,64
16,83,73,67
16,93,81,67
15,91,50,66
30,92,52,73
25,95,75,73
20,98,80,70
28,76,66,70
11,83,55,62
12,92,89,68
7,88,71,65
16,100,82,73
21,61,83,65
21,74,77,66
21,71,59,64
12,70,81,63
25,69,66,62
21,88,91,70
24,63,60,65
9,90,65,64
22,88,72,70
13,70,87,62
18,70,86,67
23,85,67,66
21,90,76,74
15,95,62,69
20,94,89,70
11,99,60,68
27,83,91,70
19,96,97,71
27,92,100,73
17,96,93,69
17,60,61,61
15,99,71,68
25,79,54,66
16,92,58,67
24,65,52,64
18,76,82,67
8,71,77,61
17,72,96,65
13,65,73,62
20,92,82,69
13,60,70,61
26,73,91,69
19,67,96,64
19,84,72,65
24,70,54,64
26,70,58,68
20,80,86,67
15,86,66,68
9,65,89,61
16,67,87,69
16,70,85,64
21,99,91,74
18,76,88,66
24,84,82,68
16,70,50,65
20,80,76,66
27,63,80,66
22,61,98,65
20,79,83,67
16,76,79,65
16,65,77,63
15,88,55,67
17,100,71,70
25,76,57,68
19,85,53,66
12,99,66,67
31,93,82,72
22,79,93,68
12,89,91,66
17,65,65,62
21,80,52,65
30,71,70,67
13,66,66,62
26,77,69,66
28,65,78,67
16,88,52,68
18,78,69,66
14,81,78,68
19,66,72,62
20,66,83,64
24,83,59,68
27,99,58,71
16,64,65,63
8,71,55,62
20,95,62,69
22,63,54,62
21,95,70,71
18,81,86,69
21,76,64,66
29,72,50,64
22,72,78,65
18,72,85,68
17,95,70,69
19,89,65,68
30,87,75,71
19,92,55,66
20,70,82,65
17,85,87,68
27,78,85,72
32,91,66,75
23,72,92,67
20,86,97,67
20,95,65,70
6,76,63,64
24,63,85,65
21,81,85,68
23,74,76,67
16,87,96,66
18,98,57,69
18,79,74,64
26,79,52,68
18,86,53,68
32,64,53,65
23,70,75,65
12,97,79,65
19,87,50,67
16,61,82,63
7,68,74,62
30,87,61,73
24,91,51,72
23,94,58,71
21,72,80,67
12,97,83,66
17,82,82,68
25,88,58,70
14,84,96,66
5,65,71,56
19,99,88,71
19,65,58,64
21,70,74,65
24,93,76,70
24,85,89,70
22,94,81,71
27,81,70,70
11,75,64,62
23,97,99,72
24,61,64,62
13,94,56,67
11,69,65,58
16,94,66,69
16,66,56,60
25,83,85,72
16,96,81,66
15,79,66,66
16,90,100,69
27,92,83,70
20,89,85,70
19,97,78,70
19,78,78,67
28,67,51,67
16,62,89,59
28,70,96,67
21,66,56,65
19,82,90,68
35,67,77,71
14,62,64,61
18,61,96,63
13,93,51,67
26,84,64,69
30,74,94,70
30,96,74,69
27,63,80,66
19,99,87,70
18,85,57,67
10,67,61,61
32,87,100,74
23,91,62,70
17,77,77,66
28,94,65,73
14,66,93,62
22,71,98,65
19,64,57,62
24,68,80,64
20,70,91,63
11,97,91,69
20,63,72,63
26,77,61,67
20,81,69,65
25,96,88,71
14,100,100,71
20,90,78,69
16,99,60,71
24,91,52,68
20,99,97,70
24,88,74,71
27,63,86,68
24,76,83,69
22,86,95,71
14,74,63,63
20,71,72,66
17,83,96,67
18,97,79,71
18,61,54,59
14,91,60,67
8,89,62,66
16,99,100,72
21,97,61,70
12,90,93,68
20,81,54,63
31,68,59,69
26,82,94,67
30,91,95,75
22,96,59,67
27,92,61,74
16,68,77,66
16,84,53,65
4,73,97,60
27,60,68,63
29,68,74,69
17,65,55,64
18,94,52,68
15,70,73,63
22,71,56,65
27,98,82,74
10,75,90,65
22,60,52,61
18,71,81,66
21,65,91,67
23,64,72,66
19,63,98,69
19,84,56,65
19,68,66,65
26,74,62,66
23,94,100,73
21,77,65,64
12,97,69,67
18,80,92,67
25,76,96,68
20,90,97,71
24,63,78,64
31,64,83,67
26,86,67,68
21,79,80,67
17,92,65,70
5,97,87,64
19,76,65,63
18,84,94,71
22,80,57,64
19,99,79,70
18,93,76,70
9,96,63,67
14,70,51,62
23,91,57,69
30,71,98,69
19,68,97,62
22,98,56,70
26,61,69,66
15,99,73,69
22,66,74,65
16,93,65,66
25,71,96,69
21,74,95,66
22,69,51,65
15,83,83,66
24,74,54,63
33,86,80,72
14,61,93,62
18,63,82,64
21,64,73,61
25,77,98,70
17,93,87,67
3,96,62,66
28,70,69,66
25,83,88,68
10,91,51,67
16,72,53,65
29,76,93,70
29,81,52,69
26,65,84,68
19,61,66,61
20,66,91,65
19,85,92,71
27,63,98,66
15,68,55,62
15,74,71,61
26,63,79,67
20,68,96,66
28,96,63,71
16,61,54,62
20,86,60,67
14,75,75,64
20,87,84,68
11,84,85,67
17,69,54,63
11,94,88,70
24,80,83,67
24,93,70,71
10,76,79,62
28,99,88,75
35,91,63,72
20,99,97,73
16,81,57,64
37,79,95,73
12,90,87,66
20,95,83,69
21,99,54,70
28,73,96,70
22,92,65,71
17,68,87,64
14,82,94,71
18,67,62,63
14,74,96,68
20,97,81,71
17,66,83,65
11,85,96,66
28,84,76,72
17,65,72,65
12,73,82,60
19,83,78,67
20,67,53,65
10,92,59,64
22,99,51,72
14,69,55,62
30,67,86,67
23,78,50,67
18,90,65,69
16,71,72,65
19,61,97,62
24,82,66,69
20,98,89,72
19,76,70,63
20,77,55,64
16,99,55,67
18,88,72,70
7,89,53,64
26,83,79,69
22,99,75,72
15,88,85,69
31,96,59,75
21,88,80,67
14,89,59,67
25,72,86,66
22,72,65,64
22,91,81,68
17,72,94,66
23,83,74,69
18,70,60,65
23,93,94,70
9,64,68,57
17,93,87,69
30,84,66,70
15,67,65,63
16,82,82,66
17,71,58,64
13,73,93,65
7,74,69,64
19,63,51,62
21,99,65,71
20,61,89,64
19,86,93,72
20,75,78,64
26,86,65,71
19,74,76,68
17,87,92,68
18,89,66,68
23,88,69,69
28,65,77,67
16,86,94,66
21,71,79,65
22,61,60,63
14,77,54,62
20,77,55,67
11,79,98,65
9,88,91,66
22,72,88,66
18,73,75,64
21,62,84,67
20,87,56,67
14,83,81,61
20,74,91,66
13,88,53,66
28,81,65,67
12,79,56,64
19,80,63,64
14,85,89,67
23,86,67,68
18,72,84,64
17,66,89,63
25,66,91,68
20,86,94,64
23,95,80,70
14,76,64,64
12,67,58,59
21,90,75,71
18,93,55,67
24,95,96,73
20,84,72,66
21,94,94,73
10,61,85,62
31,64,93,69
19,64,94,66
24,89,53,68
15,63,86,65
22,80,61,67
12,79,99,64
23,72,89,67
18,95,50,66
20,67,96,68
24,74,65,68
13,91,71,64
16,61,81,63
23,87,96,72
33,93,96,75
19,97,78,71
24,95,66,71
19,73,64,66
32,83,68,71
10,63,59,61
21,70,83,65
10,64,76,58
5,73,89,62
22,95,55,69
21,74,70,65
18,82,62,69
19,77,77,68
39,78,73,70
18,99,72,72
23,72,66,66
16,85,86,68
22,77,74,67
19,62,60,61
18,80,77,64
31,93,80,74
27,64,51,64
21,63,60,64
6,66,62,61
18,91,62,71
36,89,62,72
19,83,64,68
27,79,63,69
29,96,94,74
21,91,66,70
15,92,67,69
5,93,63,64
24,86,98,71
15,78,77,65
21,95,81,71
13,97,87,71
18,61,67,66
20,62,98,64
22,98,58,70
13,71,73,61
27,95,57,71
16,76,90,65
10,65,55,59
19,63,78,63
20,66,55,64
21,70,73,63
28,80,64,70
19,88,95,70
19,99,53,72
13,78,82,65
25,81,85,71
21,81,94,70
17,82,94,66
9,81,99,64
29,60,63,64
13,60,64,59
16,64,70,65
22,64,77,66
13,88,68,67
11,68,87,62
7,96,50,65
24,97,51,73
17,99,86,70
38,98,94,75
14,71,89,66
14,80,56,65
17,67,97,64
21,92,76,70
17,96,87,71
24,94,60,68
14,77,77,64
12,90,67,67
9,64,99,65
7,62,74,62
17,90,88,68
18,77,80,66
16,100,55,69
27,64,77,68
27,94,77,71
18,79,86,68
9,93,66,64
17,93,93,66
16,97,81,70
16,72,52,60
16,98,85,69
16,66,95,65
18,63,84,66
16,77,69,64
21,93,80,71
22,79,59,66
15,93,80,66
28,89,75,68
14,68,51,63
10,98,66,66
22,62,60,61
15,96,70,70
22,72,62,68
6,80,92,65
28,77,85,69
24,67,87,67
11,74,68,62
11,68,50,61
30,68,61,70
16,67,88,65
15,80,80,65
6,92,77,66
18,83,64,66
19,96,54,69
24,85,89,70
12,88,52,63
11,87,53,64
23,78,65,65
26,88,79,71
11,63,100,61
26,94,55,69
20,91,74,69
27,70,80,66
20,91,91,72
5,61,84,60
19,69,90,62
26,63,76,66
15,91,72,69
18,90,81,69
19,93,95,71
3,60,78,57
30,80,80,72
15,88,67,66
23,66,80,66
19,86,81,70
28,63,88,67
22,67,79,65
19,79,60,63
15,86,79,68
25,66,65,63
9,67,54,63
24,68,91,68
13,70,53,60
28,69,82,67
21,76,99,65
24,86,54,68
20,78,61,62
9,91,88,65
15,89,55,66
24,65,92,67
21,62,50,60
27,95,94,74
22,63,53,62
14,66,96,61
15,61,93,63
21,85,77,66
6,83,89,65
30,99,54,72
23,95,57,70
27,76,68,71
11,75,77,64
27,72,93,70
33,66,77,68
12,66,83,61
25,65,84,68
20,65,94,64
11,70,89,64
23,72,99,71
25,98,51,72
16,83,60,66
27,100,97,74
10,75,90,65
11,78,63,64
21,73,99,69
20,67,93,62
16,66,53,62
25,98,91,72
23,99,89,73
25,62,61,64
19,66,83,65
24,77,99,70
17,67,84,66
32,75,91,70
15,65,55,63
33,78,86,69
20,71,60,64
12,74,54,63
28,64,78,66
21,77,88,68
25,99,77,97
27,73,97,67
22,95,85,71
16,94,56,66
26,98,97,72
20,92,58,70
24,86,88,69
7,94,57,66
23,63,100,69
16,79,67,65
30,100,75,75
24,91,73,70
21,98,55,70
23,91,75,69
14,95,57,68
30,88,90,73
32,90,98,74
22,81,90,66
30,97,72,74
17,93,50,67
15,94,52,67
20,87,75,70
23,72,84,67
18,61,91,80
23,97,80,70
22,83,99,71
14,72,75,64
23,66,80,68
25,93,62,68
21,93,67,69
27,93,84,72
13,86,80,65
23,75,68,64
13,72,56,64
13,60,67,58
16,93,52,69
14,63,79,61
17,85,66,68
19,80,69,66
25,81,79,68
18,97,79,70
10,61,79,62
27,91,75,71
15,62,74,61
20,62,91,64
23,77,73,65
21,63,77,63
27,92,99,74
23,81,59,68
15,61,86,65
33,62,74,66
21,85,92,69
19,92,70,69
26,78,65,70
21,82,60,70
22,92,94,71
35,84,86,72
18,69,54,61
18,85,86,68
21,85,52,66
26,89,59,70
11,85,80,63
8,99,73,68
16,68,92,62
10,98,80,69
17,82,98,69
23,87,93,72
15,64,67,64
11,75,92,63
20,91,93,70
25,88,98,69
10,62,51,61
25,82,94,70
25,64,53,64
26,100,76,76
27,96,71,73
33,61,96,67
18,94,70,69
21,97,80,72
18,74,85,66
20,89,51,70
29,78,80,73
12,86,76,68
15,74,80,66
28,73,54,67
26,77,53,67
18,66,59,62
25,93,93,72
22,74,68,65
29,76,72,69
20,96,70,69
26,80,86,69
36,82,63,69
24,98,53,69
20,95,69,70
24,67,86,67
18,79,96,69
34,99,53,75
21,75,91,66
18,75,53,63
15,68,67,64
27,65,51,66
25,90,96,72
17,91,85,71
23,99,68,70
11,91,69,67
21,70,82,65
23,62,54,65
30,99,57,73
15,74,92,66
12,72,60,62
15,96,86,71
12,83,61,66
28,69,54,65
29,96,95,75
22,100,95,74
27,63,80,65
21,94,73,71
19,76,78,65
18,81,70,65
18,97,88,67
11,99,88,67
22,70,91,66
20,69,76,67
24,63,90,66
21,82,58,65
19,61,52,59
15,76,82,69
20,63,55,63
24,76,78,65
13,62,86,61
21,93,70,68
21,68,52,65
16,73,94,61
16,95,52,69
21,90,95,72
13,69,53,59
22,63,87,63
15,89,96,69
26,76,95,67
34,91,95,70
15,78,94,67
23,74,76,66
16,78,78,68
26,90,81,71
12,96,95,69
23,62,92,65
15,81,89,66
19,61,84,66
14,79,81,67
25,95,96,74
15,74,60,66
23,97,60,72
18,85,99,69
19,97,78,68
21,90,74,71
15,64,93,61
21,69,92,65
29,76,59,71
15,67,59,59
27,80,90,71
29,79,89,72
15,98,61,71
11,77,92,61
22,91,74,67
17,98,73,67
31,95,99,74
20,68,76,66
15,80,57,63
13,74,64,63
27,76,67,68
17,74,98,65
20,93,63,66
26,78,72,67
17,81,87,67
20,99,64,70
20,62,85,65
24,80,60,68
24,91,62,70
19,66,99,66
20,84,68,69
18,70,86,65
11,95,92,68
22,73,67,65
31,73,68,70
15,84,89,65
15,67,80,67
15,71,68,64
24,77,87,68
23,74,93,70
19,81,62,64
14,84,51,67
21,83,64,68
11,86,84,67
21,72,96,66
25,65,93,66
12,90,61,66
11,94,94,67
29,70,91,69
16,76,87,65
27,80,84,68
19,81,90,67
19,86,93,69
23,62,91,64
15,89,56,67
21,62,86,67
18,79,92,67
12,93,59,67
22,78,61,68
18,66,89,65
19,99,67,70
13,96,70,68
30,91,69,72
25,76,61,67
26,67,97,66
18,98,90,68
10,81,63,64
32,94,55,75
20,74,69,66
16,73,71,67
23,99,50,71
27,81,94,68
20,66,93,65
28,69,93,67
26,79,90,66
14,62,87,60
16,79,82,64
26,77,98,69
4,91,86,64
19,74,82,66
11,99,89,72
17,67,62,60
18,84,98,69
18,64,51,62
17,89,82,70
13,100,54,65
34,93,93,77
31,82,98,71
13,79,70,66
29,93,93,74
18,97,67,70
21,100,58,69
20,76,64,64
16,100,65,69
26,66,82,68
21,70,90,63
17,64,60,61
12,71,54,61
15,91,61,65
10,94,65,65
20,91,64,69
13,85,61,69
18,81,73,65
28,88,93,72
27,76,55,69
20,94,93,71
19,87,75,67
31,88,83,72
23,81,91,70
18,95,65,68
11,70,98,66
22,75,54,68
25,91,76,71
16,80,63,63
22,96,70,70
18,74,72,65
19,75,96,70
5,96,72,65
19,79,85,68
26,81,98,69
16,73,75,66
20,71,70,62
15,86,99,70
22,65,91,65
19,95,97,71
14,91,70,68
28,68,85,65
26,88,62,70
16,84,93,69
23,67,97,66
23,71,63,66
24,76,55,67
10,88,60,63
26,86,82,70
17,81,64,65
18,91,82,70
36,90,68,74
22,85,96,69
18,91,73,68
7,73,75,64
28,95,67,73
12,85,54,66
14,93,75,65
18,82,89,66
28,69,98,67
25,82,54,67
19,75,90,66
22,88,63,69
16,79,91,69
21,93,67,68
20,87,56,64
26,87,81,70
26,69,95,67
23,99,59,68
18,94,51,67
24,92,94,73
19,73,85,65
14,81,90,69
18,65,53,63
21,82,95,68
25,66,71,64
19,82,95,68
13,86,53,66
20,76,94,65
21,80,84,69
21,95,78,69
26,64,53,64
26,92,84,74
16,67,80,64
16,61,86,63
14,67,86,64
24,91,72,71
29,76,60,68
18,95,96,72
19,81,96,67
29,61,61,64
23,89,82,70
23,64,60,65
13,92,93,69
24,67,55,65
14,74,100,66
13,90,81,67
18,98,51,68
16,75,94,65
19,93,84,68
11,68,85,63
26,92,64,71
27,86,67,71
8,68,96,65
26,72,82,65
15,65,51,61
25,75,66,68
20,68,80,65
20,86,57,66
19,100,55,69
27,60,53,65
13,82,82,65
24,83,66,70
27,97,69,70
24,80,53,67
34,82,87,75
17,79,88,65
26,71,91,66
19,62,83,67
27,76,89,67
20,62,79,62
18,82,75,66
28,72,63,66
17,81,53,64
12,65,65,60
17,97,84,70
24,96,96,72
28,68,63,67
21,74,83,67
28,85,74,72
12,64,81,63
17,74,50,60
18,70,56,65
19,97,61,72
21,94,95,70
24,83,52,71
17,81,78,66
21,97,96,72
20,97,83,73
14,99,74,71
19,65,69,64
19,66,81,66
19,87,74,69
20,82,85,66
20,61,81,63
17,62,78,62
28,96,98,98
13,95,92,71
16,74,80,66
37,96,77,75
14,84,86,68
12,92,90,69
24,77,65,68
8,65,83,60
19,77,57,64
33,78,72,71
11,82,97,69
8,64,66,60
11,100,58,70
25,70,57,66
27,68,70,68
17,81,61,67
24,81,71,70
28,78,86,69
31,91,94,75
19,81,56,65
6,84,88,65
15,89,55,66
17,61,69,64
18,83,100,66
19,95,53,70
27,61,51,63
28,76,67,66
19,97,98,71
27,74,51,68
22,78,61,68
20,99,80,71
25,68,62,63
20,63,53,60
32,94,53,73
11,95,78,68
17,79,78,70
19,81,85,66
23,93,57,72
28,90,75,70
20,71,80,68
11,61,61,60
25,79,77,68
25,94,85,74
8,96,100,68
20,98,80,72
10,95,93,69
16,83,92,98
15,78,97,68
25,91,86,70
21,90,61,69
12,82,65,64
25,63,89,65
11,97,76,69
22,78,63,67
15,75,83,65
18,85,95,70
23,87,68,68
23,68,80,65
28,93,79,74
20,72,56,65
22,67,55,65
17,76,94,68
21,89,97,68
23,99,95,74
19,92,70,71
9,98,64,67
22,66,97,64
22,63,94,61
16,82,91,66
12,72,67,61
29,93,82,73
23,87,88,70
19,99,79,70
13,70,80,63
15,79,88,69
28,80,88,72
21,70,62,66
17,84,70,68
23,78,89,67
15,78,63,65
29,75,96,68
28,61,92,68
17,81,95,69
16,73,65,66
4,60,55,58
11,72,55,60
12,71,78,67
21,76,65,65
18,65,63,62
12,80,61,65
18,88,78,69
23,85,77,70
23,92,71,70
9,78,57,63
19,81,96,69
12,92,71,64
25,77,56,69
25,88,52,70
15,77,58,64
15,77,65,65
17,90,82,70
6,67,99,60
22,74,64,68
18,69,89,61
26,74,96,68
13,69,70,61
16,83,63,64
11,92,75,66
14,91,95,70
13,75,51,65
26,100,74,74
16,84,88,66
21,76,80,65
18,93,75,69
12,89,78,69
19,90,81,69
24,68,84,66
13,79,68,63
25,94,76,69
15,80,64,65
17,87,99,67
23,84,59,66
16,94,58,67
20,71,63,65
18,83,96,69
21,65,83,65
6,88,73,67
9,89,96,66
24,62,95,64
26,87,70,70
15,77,78,65
19,65,95,65
22,77,66,64
24,68,70,64
8,77,90,61
15,75,85,65
18,90,52,68
24,91,56,70
35,84,92,74
19,61,51,60
12,97,96,71
22,87,64,70
28,61,80,67
21,93,78,68
15,68,70,64
26,83,52,67
24,79,60,65
14,77,81,66
22,96,72,72
26,77,71,69
27,63,55,65
20,98,67,71
18,97,76,72
27,87,54,70
13,79,53,63
23,64,75,66
12,92,78,67
26,63,63,67
18,63,66,62
28,81,90,72
23,66,93,69
13,60,66,61
29,77,68,67
29,65,92,66
25,66,99,68
15,63,66,62
18,68,89,63
21,89,74,70
16,92,63,68
30,78,84,71
21,80,73,65
4,61,63,59
22,63,55,64
18,70,93,67
20,82,94,68
18,90,54,95
25,84,83,70
27,76,58,68
22,65,82,65
18,91,95,70
20,75,63,67
20,89,67,69
15,81,90,68
23,90,87,72
23,96,70,71
29,97,92,75
28,81,96,70
16,80,73,66
25,71,52,67
14,97,75,70
24,78,87,71
17,65,61,64
14,77,55,65
22,65,64,64
4,80,51,62
9,82,86,64
19,74,57,66
20,63,86,64
18,98,62,71
11,91,100,68
15,94,77,70
22,75,52,66
23,90,89,71
20,79,71,68
27,68,80,66
22,65,98,66
16,74,76,65
18,66,90,64
12,100,65,67
19,62,86,65
27,78,55,69
24,78,95,69
28,72,60,69
18,83,65,68
28,66,98,67
19,91,58,68
29,73,63,65
20,84,79,69
24,89,99,73
29,96,85,76
19,93,56,69
21,84,87,69
28,76,71,68
19,80,100,70
12,91,81,64
33,95,77,73
17,64,78,64
21,75,82,65
27,91,87,69
16,77,54,62
14,73,57,64
22,76,65,64
9,84,74,67
18,100,66,69
21,80,61,67
18,68,96,65
11,67,52,63
30,62,97,66
21,82,95,70
29,82,84,70
18,68,52,67
15,88,61,65
22,90,99,70
19,70,95,66
13,74,98,66
29,100,100,72
16,75,53,64
9,90,79,70
28,78,92,71
17,92,66,66
16,91,72,70
9,87,64,64
30,94,52,70
12,98,54,67
20,83,51,65
25,69,76,68
23,76,81,69
20,90,65,68
10,86,91,68
15,67,94,64
